age,years_employed,annual_income,loan_amount,loan_term_months,credit_score,num_credit_lines,num_late_payments,debt_to_income_ratio,months_since_derogatory,has_mortgage,num_dependents,savings_balance,checking_balance,loan_to_income_ratio,high_risk
58,12,36811,7088,48,599,8,4,0.18,39,1,1,5142,10487,0.19,0
48,4,21304,7079,24,681,3,1,0.44,12,1,1,403,2054,0.33,0
34,0,69225,7689,12,721,7,1,0.19,32,1,3,1497,1599,0.11,0
62,3,13640,9941,12,687,2,0,0.52,68,0,3,3368,896,0.73,1
27,6,34004,10605,48,688,8,1,0.3,38,1,1,13033,3494,0.31,0
40,7,29389,15885,60,621,14,2,0.47,37,0,1,3431,1684,0.54,1
58,0,29290,7826,36,675,7,2,0.13,14,1,0,1812,11129,0.27,1
38,8,33707,16184,48,582,12,1,0.47,72,0,0,15263,1514,0.48,1
42,0,90101,17872,60,703,5,1,0.55,9,1,3,24867,5477,0.2,0
30,9,73885,10090,60,609,12,0,0.16,6,0,0,781,827,0.14,0
30,0,43223,8243,24,560,11,1,0.33,13,0,4,5520,818,0.19,1
43,4,86405,14059,24,653,4,4,0.4,31,1,1,199,242,0.16,1
55,9,28820,11828,12,496,1,1,0.41,59,0,1,3382,4332,0.41,1
59,5,26926,15248,12,767,5,1,0.3,4,1,0,47160,1733,0.57,0
43,8,75493,34266,36,713,12,0,0.27,50,1,2,5488,3653,0.45,0
22,7,65501,13921,36,676,9,1,0.39,50,1,1,937,11681,0.21,0
41,10,38943,9103,36,520,10,0,0.4,26,1,1,965,712,0.23,1
21,9,27785,7828,36,593,4,1,0.26,42,0,0,1604,603,0.28,0
43,3,101708,8011,60,653,13,0,0.23,6,0,0,2195,760,0.08,0
63,7,20742,5554,60,628,9,2,0.53,5,0,1,507,178,0.27,0
49,0,36344,23380,12,514,12,3,0.37,59,0,0,7296,1461,0.64,1
57,4,54956,3498,24,544,2,1,0.01,20,0,2,9439,4782,0.06,0
21,8,120702,17905,24,627,4,1,0.53,8,1,2,3228,1908,0.15,0
40,5,59370,7935,48,547,9,1,0.26,35,0,0,57231,321,0.13,0
52,6,62327,9823,60,759,4,1,0.36,66,0,2,2935,1221,0.16,0
31,4,36875,7794,36,689,5,1,0.41,30,1,0,20813,2074,0.21,0
41,9,65136,31809,36,585,11,0,0.13,12,0,2,929,5212,0.49,1
63,4,51671,13491,48,743,8,0,0.31,19,0,0,7044,4342,0.26,0
44,3,22153,21466,24,727,1,2,0.55,41,0,0,8434,1236,0.97,0
68,8,72872,29153,36,673,1,0,0.51,2,1,0,2094,1234,0.4,0
46,0,79634,14735,24,646,9,1,0.31,7,1,2,6006,3475,0.19,0
61,7,73253,6519,48,626,9,0,0.46,18,1,0,2069,941,0.09,0
47,0,49844,11703,24,606,4,0,0.48,27,0,0,3380,4632,0.23,1
35,10,30391,8558,24,543,13,0,0.47,12,1,1,3499,875,0.28,1
34,3,15450,9876,24,772,2,0,0.18,10,1,0,910,9959,0.64,0
66,5,53025,12622,36,608,13,0,0.6,1,0,2,9204,2342,0.24,0
63,6,84201,12326,12,652,9,2,0.28,0,0,1,10000,209,0.15,0
22,0,80641,17107,60,577,14,1,0.37,9,1,3,3139,3657,0.21,1
56,2,73720,18664,24,629,4,1,0.3,22,0,0,6571,2393,0.25,0
26,9,47235,12326,24,850,6,1,0.38,24,1,0,1629,3086,0.26,0
40,8,84434,17018,24,591,12,1,0.22,20,0,2,1093,21527,0.2,0
28,6,77814,9608,12,765,1,2,0.32,15,0,2,3041,1356,0.12,0
58,0,39683,29403,48,647,12,2,0.38,8,0,0,11262,327,0.74,1
37,7,68754,9515,36,704,9,0,0.53,15,0,1,4489,7290,0.14,0
23,7,37497,27400,12,749,5,1,0.52,4,0,2,2903,255,0.73,0
44,5,64216,5510,24,671,3,1,0.52,3,1,0,7352,795,0.09,0
33,9,25602,10633,12,621,4,3,0.48,10,1,2,1637,1893,0.42,1
69,2,26606,10953,12,635,1,0,0.63,120,1,0,1128,672,0.41,1
28,2,83208,15794,12,637,14,1,0.31,11,1,3,3218,1685,0.19,0
45,0,78337,22406,48,799,9,3,0.33,82,0,1,1772,1557,0.29,0
21,8,67292,6312,60,531,14,0,0.32,14,1,0,1179,9792,0.09,0
39,6,51225,6871,36,508,8,1,0.34,17,0,1,14541,125,0.13,0
47,0,14829,5760,48,513,4,1,0.13,47,0,4,69120,1990,0.39,0
66,0,47219,29498,48,578,2,1,0.39,2,0,2,760,656,0.62,1
26,1,61518,15971,60,706,14,1,0.42,6,0,0,2983,973,0.26,1
63,8,37520,6970,48,710,9,1,0.31,109,0,1,6059,3820,0.19,0
27,3,34329,10240,12,601,4,1,0.09,21,0,1,623,3196,0.3,0
66,1,100932,27147,12,647,9,1,0.35,1,0,0,3761,2636,0.27,0
54,0,47565,11306,24,560,10,1,0.16,1,1,0,4104,453,0.24,0
33,0,61537,10912,48,568,3,1,0.41,71,0,1,8742,6666,0.18,1
36,0,72190,8360,24,696,7,0,0.37,61,0,1,1944,689,0.12,0
55,0,29711,7222,36,733,7,1,0.38,18,1,0,2496,8308,0.24,0
69,0,53992,27173,12,611,10,0,0.19,5,0,2,15768,885,0.5,0
59,7,94828,36473,36,780,13,3,0.54,53,1,1,8129,5619,0.38,1
23,4,121736,7397,60,727,4,0,0.38,11,1,0,11773,2022,0.06,0
21,1,50009,31037,12,777,2,1,0.21,16,0,0,598,286,0.62,0
25,14,43522,9972,36,625,11,1,0.44,34,0,2,2203,1222,0.23,0
61,2,56078,18401,60,771,9,3,0.36,13,0,2,30318,11761,0.33,0
23,9,55371,31136,36,824,4,1,0.63,29,0,2,4443,4472,0.56,0
48,11,98064,12245,60,616,8,2,0.27,64,0,0,4226,1120,0.12,0
37,0,29786,10973,60,637,14,1,0.16,47,0,1,4452,7585,0.37,0
45,5,42619,21604,12,574,2,1,0.39,14,0,3,32337,2465,0.51,0
63,2,28041,6863,24,558,8,1,0.5,10,1,1,2007,11015,0.24,1
53,2,29553,26588,60,559,11,2,0.7,10,0,0,11001,1657,0.9,1
29,7,59176,14554,60,585,10,3,0.86,12,1,2,6746,1311,0.25,1
55,2,73491,9446,12,671,5,1,0.12,20,0,0,953,5361,0.13,0
33,3,35429,9297,24,588,7,1,0.33,16,1,0,3434,2385,0.26,1
50,4,72117,5825,48,669,7,1,0.16,4,0,0,1807,3338,0.08,0
67,3,85458,9684,48,671,12,0,0.31,5,1,0,1066,700,0.11,0
34,0,128972,11402,24,612,9,2,0.72,12,0,1,20654,6557,0.09,0
27,8,50760,7067,36,644,3,2,0.23,24,1,0,1136,5326,0.14,0
33,9,35600,13000,12,607,10,1,0.35,26,0,3,12078,7996,0.37,0
42,6,29695,17743,24,625,4,0,0.26,19,0,1,1747,405,0.6,1
59,3,28257,11753,48,585,10,0,0.2,40,0,1,25056,503,0.42,0
40,2,91572,19883,60,656,4,2,0.62,40,0,1,2969,795,0.22,1
35,2,22981,8231,48,601,13,1,0.12,16,0,2,7352,1389,0.36,0
64,14,90117,24392,60,556,10,0,0.34,3,0,1,2491,417,0.27,0
37,8,31754,14372,12,697,5,2,0.36,22,0,2,364,3644,0.45,0
66,1,34800,33764,60,700,14,3,0.35,14,0,2,664,1116,0.97,1
43,5,45443,56870,24,738,6,1,0.3,4,1,2,503,7198,1.25,1
45,3,34481,10075,60,568,3,2,0.59,120,1,1,6664,18193,0.29,1
44,7,78119,10327,36,611,13,1,0.03,13,0,2,4748,940,0.13,0
64,7,121378,11524,24,668,4,0,0.42,29,1,1,10032,777,0.09,0
60,9,35287,19099,12,609,3,1,0.42,20,0,0,2175,4113,0.54,1
48,1,39493,29601,24,695,2,0,0.39,4,0,0,363,2011,0.75,1
34,5,45176,9030,36,689,10,3,0.23,1,0,3,23442,2715,0.2,0
64,0,64249,16793,12,688,12,1,0.53,29,0,0,16122,7803,0.26,0
20,0,45399,12313,48,766,9,1,0.52,8,1,2,7697,1340,0.27,0
44,8,98088,19358,36,701,1,2,0.22,8,0,0,18639,559,0.2,0
26,1,86969,33046,12,662,2,1,0.17,94,1,1,4350,467,0.38,1
28,1,27099,11565,60,634,8,0,0.14,18,0,2,6756,1487,0.43,0
43,4,63607,4905,24,640,7,4,0.38,0,0,0,2112,1227,0.08,1
20,7,104837,20875,12,564,12,1,0.36,12,0,2,1359,4681,0.2,1
63,0,38277,8106,24,508,1,1,0.3,26,1,2,740,8364,0.21,1
27,0,42313,12260,60,687,5,0,0.66,11,0,1,1991,8328,0.29,1
43,1,37645,21422,12,747,10,2,0.28,0,0,1,119894,836,0.57,0
30,9,38042,15969,48,623,6,1,0.38,17,0,0,792,747,0.42,0
36,6,21285,12568,36,776,5,0,0.32,3,1,1,1595,245,0.59,0
27,10,25231,9456,12,635,4,1,0.64,28,0,0,5628,1814,0.37,0
54,0,50956,2345,60,493,14,1,0.05,28,1,0,87286,4784,0.05,0
54,0,104485,20312,12,723,13,0,0.3,1,0,3,1394,831,0.19,0
52,6,36073,11478,24,611,1,2,0.44,10,0,1,2311,354,0.32,1
24,5,35547,33123,12,730,7,5,0.32,16,1,2,11001,14391,0.93,1
61,6,114778,16963,48,547,9,3,0.15,23,1,1,10279,832,0.15,1
58,8,28166,9655,12,682,6,1,0.38,10,0,0,2135,1597,0.34,0
60,6,21362,25339,36,585,3,1,0.11,10,0,1,1806,1082,1.19,1
47,6,32394,26653,12,666,10,2,0.45,120,0,2,8412,417,0.82,0
26,7,35193,11714,24,711,14,0,0.29,1,1,0,3413,4875,0.33,0
28,7,20460,27342,12,692,4,1,0.26,120,0,2,6939,264,1.34,0
27,8,45980,9574,48,655,10,0,0.51,1,1,1,4010,6227,0.21,0
31,9,78764,14702,60,539,5,2,0.2,10,0,0,7492,2428,0.19,0
53,11,25771,18823,12,708,12,1,0.12,20,0,1,8482,1345,0.73,0
52,2,51215,21394,12,732,12,1,0.21,4,1,1,474,1370,0.42,0
67,6,59752,19397,36,566,1,3,0.66,4,1,0,2819,2980,0.32,1
42,3,47019,10942,48,578,5,2,0.2,8,0,2,7335,891,0.23,0
43,1,53790,25750,60,735,1,0,0.4,108,1,3,12999,2196,0.48,0
56,2,54104,12398,24,633,9,2,0.48,14,1,2,3299,680,0.23,1
54,6,32651,9495,12,580,7,0,0.21,25,1,2,537,169,0.29,0
63,6,103703,9579,60,671,3,2,0.21,36,1,3,22003,3564,0.09,0
59,6,91480,42787,24,598,9,0,0.38,40,0,3,13722,26393,0.47,0
41,4,88872,8559,48,662,2,2,0.38,34,1,0,5577,3369,0.1,0
46,5,81376,28997,48,616,12,0,0.55,12,1,1,2814,1716,0.36,0
54,8,22303,6759,60,623,7,1,0.23,3,0,0,10100,1168,0.3,0
20,0,77888,17903,24,738,9,2,0.29,9,0,1,2847,1209,0.23,0
54,5,68036,15966,48,452,6,1,0.78,7,0,3,14061,1168,0.23,1
56,5,22736,35338,60,694,10,0,0.08,4,1,0,42451,2250,1.55,0
66,8,44026,9021,48,725,5,2,0.05,0,1,2,2737,130,0.2,0
33,0,56297,7643,48,600,12,0,0.14,82,0,2,12538,108,0.14,0
22,10,112663,12457,48,725,7,0,0.52,76,0,0,2239,2969,0.11,0
20,5,70429,36274,36,573,14,0,0.28,1,0,0,16862,1452,0.52,0
24,6,31815,7859,24,597,6,1,0.28,5,0,1,3656,611,0.25,1
45,3,114427,2826,60,587,5,1,0.21,4,0,0,27928,593,0.02,0
33,7,50105,13847,60,726,14,2,0.49,9,0,1,3522,978,0.28,0
58,5,43134,23616,24,510,2,0,0.14,6,1,1,1673,1141,0.55,1
46,9,41624,7271,24,781,8,0,0.26,87,0,1,3290,8653,0.17,0
28,0,21768,22220,24,625,13,2,0.21,2,1,0,3760,557,1.02,1
34,5,46402,7175,24,699,7,2,0.0,7,0,1,6526,4189,0.15,0
34,6,62864,12235,12,692,6,3,0.28,2,1,0,3312,3460,0.19,0
45,4,40429,20985,60,662,5,1,0.34,117,0,3,6598,1436,0.52,0
61,3,60489,6551,12,601,5,0,0.23,75,1,0,6739,4194,0.11,0
32,3,31818,14896,48,749,9,2,0.31,37,0,3,2942,2939,0.47,1
51,5,45685,27694,48,608,1,2,0.31,16,0,2,7288,454,0.61,1
58,0,57427,17753,60,591,9,1,0.33,6,0,2,2432,941,0.31,0
68,8,53897,8670,48,720,6,3,0.19,7,0,0,54164,2769,0.16,0
51,3,21966,33230,24,661,4,1,0.18,17,1,0,7037,936,1.51,1
23,5,39359,19831,12,758,10,1,0.36,43,0,1,10247,3539,0.5,0
49,6,113406,4375,24,644,14,1,0.13,9,1,0,3887,6494,0.04,0
56,2,38321,22438,48,597,7,0,0.32,11,0,3,2069,1754,0.59,1
42,4,49409,9482,12,671,9,1,0.6,27,1,1,13402,928,0.19,0
58,0,46939,15032,24,614,5,2,0.34,8,0,4,7301,819,0.32,1
64,7,107378,24460,60,600,14,1,0.08,26,0,2,213,1211,0.23,0
34,9,93450,9606,24,716,5,2,0.38,14,0,0,49552,1121,0.1,0
62,0,73406,4977,48,796,8,1,0.47,1,1,2,11913,4677,0.07,0
48,3,30133,32969,12,630,7,1,0.23,15,0,0,3111,948,1.09,1
55,0,58664,26869,60,572,13,1,0.31,75,0,0,10165,1490,0.46,1
32,4,65118,12678,12,637,13,1,0.22,10,0,0,8151,4262,0.19,0
51,7,34568,22293,60,691,8,1,0.28,11,0,3,8904,1257,0.64,0
26,8,31721,10703,12,670,11,3,0.25,2,1,1,1729,1109,0.34,1
41,9,114979,14160,48,745,12,2,0.42,28,0,2,5352,4714,0.12,0
47,10,42175,12251,60,703,10,2,0.6,56,1,0,7062,6476,0.29,0
21,4,109917,10966,36,561,2,0,0.36,13,1,1,21553,1885,0.1,0
61,0,80704,16573,12,610,9,1,0.12,8,1,1,5558,11234,0.21,1
64,4,60110,6471,12,539,3,3,0.73,94,0,0,8245,2169,0.11,1
25,7,61467,11487,24,741,6,0,0.44,41,0,0,1648,4740,0.19,0
47,0,24337,16134,60,490,6,2,0.47,25,1,1,5328,15529,0.66,1
47,11,54360,40249,36,547,2,2,0.34,10,0,2,13911,905,0.74,0
63,8,99559,6630,48,609,12,1,0.38,7,0,0,2162,1018,0.07,0
63,4,68917,18257,24,695,13,1,0.3,37,1,4,3084,4356,0.26,0
39,2,52953,19498,36,608,7,1,0.49,22,0,0,1545,1515,0.37,1
49,2,115377,4332,60,620,9,1,0.28,22,0,1,966,642,0.04,0
30,5,44688,17091,36,622,12,2,0.42,2,0,0,1749,1231,0.38,1
47,4,35962,22655,12,663,10,2,0.5,21,0,0,9650,381,0.63,1
44,8,52940,19018,12,552,11,0,0.54,51,0,3,3657,1857,0.36,1
58,3,71914,12703,24,574,1,1,0.5,88,0,2,1756,2163,0.18,1
52,7,20766,16316,60,784,8,0,0.2,3,0,2,67165,5963,0.79,0
20,4,56524,14792,60,682,2,0,0.59,29,1,3,2117,6624,0.26,0
46,6,73509,4848,36,710,14,2,0.45,25,1,2,10399,1275,0.07,0
32,4,42837,15002,24,654,1,2,0.4,66,1,2,7328,18367,0.35,0
60,7,85261,10718,60,638,8,0,0.41,41,0,2,6619,554,0.13,0
22,7,67547,8752,12,686,2,2,0.33,100,1,1,546,387,0.13,0
58,6,143013,59336,36,708,6,2,0.28,96,1,1,22565,461,0.41,0
25,7,33681,28326,48,717,6,3,0.29,7,1,2,7211,498,0.84,0
27,1,74262,6700,12,639,5,0,0.54,38,1,0,14805,4162,0.09,0
46,6,29476,16448,24,726,8,1,0.36,22,0,3,19272,11503,0.56,0
28,9,21857,32042,60,452,3,1,0.39,7,1,0,38422,12034,1.47,1
56,6,17716,5444,12,721,13,1,0.36,6,1,3,1483,227,0.31,0
52,0,64161,13991,48,615,10,0,0.25,2,0,0,2074,4640,0.22,0
61,4,53751,14392,48,694,4,0,0.03,47,0,0,2444,9698,0.27,0
63,6,38579,6218,24,598,7,1,0.47,11,0,0,1737,5419,0.16,1
43,1,20196,16776,12,543,7,1,0.45,58,0,3,24004,900,0.83,1
34,0,34710,26101,36,677,13,0,0.35,28,1,0,1474,2175,0.75,1
51,3,49121,33018,12,529,12,0,0.19,33,1,2,3117,634,0.67,1
51,2,72881,11503,48,618,14,0,0.62,10,0,2,693,4114,0.16,0
43,4,48617,59933,24,585,8,1,0.3,18,0,0,11830,361,1.23,0
60,0,55605,3886,24,635,2,4,0.39,15,1,4,4216,3842,0.07,1
68,7,40616,16543,36,713,11,2,0.24,8,0,0,14185,827,0.41,0
68,2,117549,5725,24,610,12,0,0.15,53,0,2,11398,2696,0.05,0
31,8,29462,14102,24,675,2,0,0.44,29,0,1,685,1368,0.48,0
58,3,34557,9767,24,709,4,1,0.12,1,0,0,6135,1216,0.28,0
21,4,38323,18108,24,601,13,1,0.38,51,0,0,1327,5122,0.47,1
22,4,64302,12380,24,602,10,2,0.38,3,1,2,5821,9692,0.19,1
68,2,29160,8138,48,759,13,3,0.18,15,0,3,2432,698,0.28,1
56,14,52462,8466,12,643,9,1,0.16,25,0,0,44370,2220,0.16,0
68,3,53234,42594,60,690,10,3,0.23,0,1,0,120103,547,0.8,0
36,9,34641,17432,24,690,12,0,0.26,31,1,4,3663,1089,0.5,0
68,0,57814,4811,60,554,9,1,0.12,32,0,0,5534,812,0.08,0
21,6,29616,18591,60,589,13,0,0.18,31,1,1,316,452,0.63,1
21,6,28042,11886,48,680,13,2,0.36,5,1,1,683,5797,0.42,0
47,4,51523,13396,24,484,4,1,0.65,8,1,0,7812,2025,0.26,1
42,2,21378,21849,60,633,9,0,0.5,8,1,2,4727,990,1.02,1
56,3,16774,27171,24,580,14,2,0.37,96,1,3,8148,1695,1.62,1
51,3,63985,7980,36,738,3,3,0.52,2,0,1,1886,6740,0.12,0
52,14,82824,13123,36,677,12,3,0.52,16,1,2,7067,5599,0.16,0
20,4,38816,9627,36,745,5,0,0.3,61,1,2,236,3341,0.25,0
38,7,35100,19112,60,646,10,2,0.39,44,0,1,2365,865,0.54,1
21,12,81045,11621,36,640,9,0,0.5,51,0,0,8603,2061,0.14,0
63,1,27645,13596,48,625,6,4,0.52,107,1,2,37642,544,0.49,0
45,5,24792,11359,48,609,3,2,0.52,14,1,1,4271,1642,0.46,1
51,3,69829,12535,60,850,10,3,0.2,11,0,0,9974,5301,0.18,1
25,4,49242,37152,24,714,9,0,0.53,0,0,3,2201,6499,0.75,1
51,4,83486,56075,12,564,6,1,0.63,4,1,2,8369,891,0.67,1
23,2,16812,16751,24,850,4,1,0.57,24,0,4,2717,4518,1.0,1
30,5,24334,12581,24,617,14,0,0.19,5,1,0,51310,3604,0.52,0
36,0,49373,5128,24,675,4,0,0.15,39,0,2,3312,1387,0.1,0
57,8,60405,8465,24,725,8,0,0.42,1,0,2,4008,4108,0.14,0
43,7,74869,12381,12,526,7,1,0.57,9,1,4,12443,6966,0.17,1
24,3,53498,8698,36,583,1,0,0.38,35,0,3,8981,4608,0.16,0
53,3,53227,9265,24,781,6,0,0.31,8,0,4,3169,567,0.17,0
25,6,40348,34380,48,632,8,2,0.34,39,0,4,8036,1331,0.85,1
41,1,108602,13592,60,729,3,2,0.5,120,0,0,1386,2806,0.13,0
30,12,28239,14341,60,613,14,1,0.3,47,1,2,6448,747,0.51,0
67,6,58659,8914,48,642,9,1,0.42,12,0,0,9500,10034,0.15,0
35,6,29914,27079,24,792,10,1,0.33,69,0,2,2959,2552,0.91,0
52,7,64048,11759,12,685,2,2,0.22,1,0,4,3152,1097,0.18,1
28,2,29187,9774,36,622,14,1,0.2,38,0,0,2309,1024,0.33,0
25,9,71104,5174,60,595,6,1,0.43,0,1,1,877,841,0.07,1
35,5,51847,12878,36,602,12,0,0.0,5,0,2,8088,3930,0.25,0
48,8,117280,9592,12,749,1,1,0.42,120,1,0,2778,4479,0.08,0
22,4,42594,36707,60,711,12,1,0.32,13,0,0,9582,871,0.86,0
39,10,60626,40390,36,558,11,1,0.49,51,0,0,3948,9101,0.67,1
55,6,33195,6366,12,656,2,1,0.44,14,1,0,10277,1181,0.19,0
38,13,42448,6813,36,644,13,0,0.36,54,1,2,628,752,0.16,0
45,3,51682,11318,24,675,5,0,0.19,100,1,1,1242,3056,0.22,1
22,5,22842,8187,12,601,1,0,0.2,17,0,0,1789,483,0.36,0
38,0,24129,15221,36,737,8,1,0.25,24,0,4,20670,402,0.63,0
39,2,66166,10982,24,649,1,2,0.48,29,1,2,7972,633,0.17,0
51,7,45567,15808,24,679,13,1,0.62,81,0,1,3582,762,0.35,0
26,9,36444,24579,12,587,9,3,0.4,8,1,0,2770,4123,0.67,1
60,16,33911,7054,48,591,10,1,0.26,28,1,2,10049,434,0.21,1
52,4,34570,24273,60,850,11,0,0.28,11,1,1,2423,2712,0.7,1
59,1,51858,8628,12,794,3,1,0.28,7,1,2,11881,4562,0.17,0
58,8,61237,48488,24,644,12,3,0.51,2,0,2,3800,8858,0.79,1
37,0,17222,35333,24,772,2,2,0.28,29,1,0,23193,1052,2.05,1
59,7,99351,12483,12,747,1,2,0.34,64,0,3,1581,1148,0.13,1
20,2,95879,7493,48,599,9,1,0.55,12,0,1,4215,16985,0.08,1
30,5,15285,6681,60,592,4,0,0.26,24,0,1,1631,8010,0.44,0
47,9,84369,22565,36,703,12,2,0.43,30,0,4,34677,1336,0.27,0
44,4,83084,13118,12,670,1,0,0.49,16,1,1,5039,6382,0.16,0
69,8,49031,23297,60,617,1,0,0.36,70,1,2,1467,2373,0.48,0
42,8,25627,50138,60,707,7,1,0.64,13,1,2,1664,1840,1.96,1
50,0,81439,8414,24,534,2,0,0.6,4,0,0,9107,27766,0.1,1
49,1,43450,6386,36,659,7,0,0.39,4,1,4,554,5897,0.15,0
61,0,64501,14995,12,550,12,2,0.23,66,1,1,3968,14407,0.23,0
54,13,148687,26551,24,553,7,1,0.24,120,1,1,1767,562,0.18,1
26,4,55598,7598,24,593,10,2,0.38,10,1,3,4057,13060,0.14,1
35,12,30994,13640,48,679,14,0,0.19,4,1,1,5549,1522,0.44,0
45,0,41445,30394,60,595,9,1,0.39,19,0,2,4367,1500,0.73,1
67,2,33033,5015,12,552,13,1,0.6,37,1,2,3571,2776,0.15,1
68,8,60885,15385,12,688,7,0,0.36,28,1,0,5995,3176,0.25,0
21,5,32760,9661,12,769,13,3,0.35,90,1,0,40130,5771,0.29,0
20,7,38699,14392,24,701,14,1,0.48,51,0,0,22666,4778,0.37,0
67,0,25791,20452,48,794,1,2,0.43,60,1,3,3277,881,0.79,1
31,10,45887,15252,36,762,12,1,0.18,23,0,0,11731,604,0.33,0
24,8,53550,7287,24,611,13,1,0.28,11,1,0,11061,1464,0.14,0
56,6,12805,9889,36,700,8,0,0.63,36,1,0,3118,1781,0.77,1
51,2,55814,31443,48,642,8,2,0.4,17,0,0,4730,1994,0.56,1
28,6,47913,16274,60,734,4,1,0.2,10,0,2,9367,8132,0.34,0
60,3,33439,22118,12,642,13,3,0.32,4,1,4,2045,2214,0.66,1
54,0,135173,15524,36,586,8,2,0.08,22,1,0,3682,32886,0.11,1
38,4,79160,21708,24,759,4,2,0.07,27,1,1,3876,8869,0.27,0
67,4,28333,10533,36,675,8,2,0.5,25,0,2,3555,1297,0.37,1
35,9,74542,8429,60,596,5,0,0.35,3,1,1,3391,256,0.11,0
22,0,91331,21125,12,610,4,1,0.43,25,0,3,8355,25006,0.23,0
39,5,52365,26276,36,596,6,1,0.52,5,1,1,5073,1325,0.5,1
43,0,58730,7718,60,569,2,3,0.4,32,0,0,10585,5022,0.13,1
52,6,58056,9456,24,611,12,1,0.46,16,1,4,101129,867,0.16,0
43,6,17276,12113,48,679,2,2,0.39,56,0,1,2586,10493,0.7,1
30,4,44648,35309,24,655,2,0,0.54,45,1,0,6381,4594,0.79,0
68,8,43501,18729,12,614,9,1,0.62,38,1,0,9047,546,0.43,0
27,0,100215,6036,24,769,14,0,0.38,36,1,4,18220,210,0.06,0
55,9,57922,12634,24,489,10,3,0.37,24,0,2,8277,2225,0.22,1
57,2,42243,11527,24,674,3,0,0.4,1,1,1,1324,3123,0.27,1
59,0,46860,6608,24,638,10,1,0.33,31,0,2,2219,4183,0.14,0
39,3,81772,12545,12,572,4,1,0.29,18,0,1,5859,768,0.15,0
54,0,44699,11225,60,679,10,2,0.51,19,1,0,2145,890,0.25,0
67,6,34575,10753,36,632,12,1,0.29,14,1,2,835,226,0.31,1
44,3,42708,10462,48,749,8,1,0.28,79,0,2,1867,985,0.24,0
54,9,78460,32300,36,719,4,1,0.48,8,0,1,1879,300,0.41,0
44,7,62823,10740,36,802,11,1,0.5,11,1,0,1463,825,0.17,0
48,0,50117,13763,48,611,10,0,0.7,98,1,0,101936,2594,0.27,0
37,1,53947,12896,12,761,10,2,0.53,49,0,2,7174,2553,0.24,1
65,7,37053,9867,48,556,13,0,0.47,0,1,2,5645,861,0.27,1
37,8,44490,14012,12,641,7,4,0.5,70,1,2,14815,2438,0.31,1
21,9,35184,13893,36,612,5,0,0.33,7,0,2,42529,9189,0.39,0
54,9,42302,14014,12,698,9,0,0.43,36,0,2,7816,1331,0.33,0
35,4,96094,7978,60,696,4,0,0.44,24,1,3,16664,442,0.08,0
60,6,28597,11805,48,577,3,3,0.27,23,1,0,2690,4290,0.41,0
55,10,34739,21082,60,702,13,3,0.34,37,1,1,1656,6010,0.61,1
52,3,26182,11993,36,619,2,1,0.49,6,0,1,14632,840,0.46,0
23,6,23495,14721,48,584,1,2,0.35,5,0,0,14300,847,0.63,1
52,3,44650,14768,36,649,11,1,0.44,31,0,2,12777,204,0.33,0
33,2,35997,17161,60,531,6,1,0.48,10,1,3,5714,1089,0.48,1
40,5,118284,18679,36,724,10,2,0.48,109,0,1,1928,655,0.16,0
67,2,42556,12034,48,645,2,1,0.61,18,0,3,2760,338,0.28,1
39,4,93404,7732,48,647,8,0,0.26,3,0,1,19654,1210,0.08,0
27,0,79539,6430,36,643,6,4,0.6,34,0,1,2418,1798,0.08,1
26,4,44157,24602,48,781,12,2,0.42,10,0,2,6145,1470,0.56,0
22,6,140796,21208,48,771,12,0,0.48,4,0,0,1948,1266,0.15,0
36,2,56064,19724,36,758,5,2,0.45,16,1,1,3907,9670,0.35,0
52,5,104454,21735,60,643,13,1,0.45,99,0,1,1343,2535,0.21,0
67,5,98547,12125,48,560,2,2,0.25,15,1,3,4493,3698,0.12,1
31,6,60314,9182,48,648,7,0,0.47,12,0,2,2770,13249,0.15,0
41,4,71365,7418,48,675,2,0,0.13,17,0,0,634,5353,0.1,0
41,9,66972,6949,48,715,13,2,0.66,0,0,0,10783,1338,0.1,0
65,0,27663,27647,36,674,14,0,0.41,4,0,4,10210,235,1.0,0
49,16,50445,9937,60,567,5,1,0.52,56,0,1,5257,1201,0.2,1
57,1,83878,25157,60,607,2,0,0.45,114,1,3,1275,8964,0.3,1
57,6,105144,11942,12,599,11,2,0.36,5,0,1,1296,5312,0.11,0
64,1,34189,8903,48,693,10,1,0.27,23,0,2,80554,1206,0.26,0
27,7,63857,6928,48,695,11,0,0.24,101,1,2,211,1657,0.11,0
46,6,52861,9387,12,705,11,0,0.47,5,0,0,1327,2080,0.18,0
46,2,46215,31286,60,674,2,1,0.46,6,1,2,64828,918,0.68,0
53,9,58571,6970,24,485,7,1,0.43,78,0,1,94385,980,0.12,0
40,4,54666,47574,24,511,9,0,0.33,36,0,2,37758,885,0.87,0
49,7,64260,8067,60,638,5,0,0.41,4,1,2,9304,3107,0.13,0
52,1,100796,20951,48,657,7,3,0.29,15,1,0,2289,565,0.21,0
47,4,72552,12244,24,750,4,1,0.25,1,0,2,652,8831,0.17,0
66,13,57256,11022,36,656,2,0,0.31,17,0,0,8001,1795,0.19,0
52,8,124531,6230,36,571,3,1,0.32,45,0,0,1967,535,0.05,0
24,6,85388,12593,12,702,2,1,0.57,24,0,2,28055,5589,0.15,0
67,3,46807,6667,60,648,5,2,0.15,31,1,0,531,9417,0.14,0
38,5,26673,4870,60,617,6,1,0.35,11,0,1,6251,57252,0.18,0
23,5,29914,14353,24,520,7,2,0.44,5,1,0,14980,8166,0.48,1
54,6,78168,9124,48,656,3,0,0.65,0,0,0,16567,690,0.12,0
68,0,35769,36702,60,668,4,1,0.26,51,1,0,13364,2278,1.03,0
36,7,29613,24343,24,570,8,3,0.18,30,0,0,7394,29190,0.82,0
63,0,33555,36992,24,709,4,1,0.46,7,1,2,5728,768,1.1,1
47,11,34762,8879,60,702,7,2,0.37,16,0,2,14611,447,0.26,0
49,1,75006,14496,24,653,12,2,0.32,48,1,3,7396,1177,0.19,0
48,6,45325,2772,12,650,6,1,0.42,23,1,0,7687,592,0.06,0
65,9,24681,11281,12,725,7,2,0.48,10,0,2,5121,926,0.46,0
25,3,49787,14173,60,679,1,2,0.46,9,1,2,3096,873,0.28,0
54,6,54782,14653,48,593,3,0,0.4,7,1,0,972,3974,0.27,0
60,10,38573,13024,12,634,6,0,0.55,52,1,2,1196,434,0.34,0
56,7,87373,13904,12,694,3,1,0.38,26,0,2,3103,2087,0.16,0
43,6,39716,2622,60,487,14,2,0.36,37,1,1,4253,779,0.07,1
48,0,85320,15579,36,575,14,2,0.46,59,1,2,1538,3310,0.18,1
68,1,66064,17855,24,704,7,1,0.16,120,0,1,1406,3732,0.27,1
65,9,77909,29816,12,746,9,1,0.44,8,0,0,3173,4826,0.38,0
50,7,28303,16667,36,731,3,0,0.3,5,1,1,14508,4825,0.59,0
54,7,51490,12351,48,721,14,3,0.15,18,0,3,386,913,0.24,0
52,7,47742,25925,36,660,1,1,0.41,1,0,1,1594,1799,0.54,1
40,10,24076,3247,60,567,10,0,0.28,47,0,1,5966,9105,0.13,0
51,3,85180,9808,48,634,13,0,0.11,64,1,2,23017,2939,0.12,0
42,5,32574,8438,48,490,6,0,0.22,34,1,2,65709,4798,0.26,0
52,0,36142,13085,36,754,12,3,0.6,9,1,2,3259,474,0.36,1
22,0,29535,3571,60,584,1,2,0.27,3,1,0,3203,5161,0.12,1
37,0,69605,29489,12,607,1,1,0.4,14,0,2,4166,227,0.42,1
44,1,22857,11500,36,734,14,0,0.19,53,0,1,6454,336,0.5,0
61,11,66765,16175,12,520,8,1,0.67,12,0,1,4656,672,0.24,1
50,0,82640,15273,36,554,9,1,0.36,1,0,1,5652,2887,0.18,0
22,3,64124,28495,12,671,2,0,0.25,9,0,2,988,3485,0.44,0
59,0,70004,4371,36,691,9,1,0.48,120,1,2,668,738,0.06,0
65,2,71666,14291,48,644,5,0,0.66,33,1,2,11595,217,0.2,0
43,5,30494,26574,24,646,13,1,0.29,69,1,1,3899,5160,0.87,0
69,2,100445,12596,48,751,8,1,0.24,44,1,1,13362,3450,0.13,0
51,9,38947,7549,12,700,7,2,0.69,23,1,0,6428,2894,0.19,0
66,11,47420,9299,60,690,7,2,0.33,4,1,4,880,15052,0.2,0
41,0,41509,10553,48,712,4,1,0.31,12,0,1,31693,2132,0.25,0
42,2,62678,8667,24,625,2,2,0.03,26,0,1,5103,607,0.14,0
21,5,37458,12189,12,823,5,3,0.34,61,0,2,2004,7798,0.33,0
46,9,50688,33022,48,465,14,0,0.15,9,0,0,2588,1154,0.65,1
61,3,26431,9335,36,766,11,1,0.27,3,0,3,1148,1610,0.35,0
21,4,87757,9970,60,722,11,0,0.05,24,1,2,7326,1002,0.11,0
45,0,68553,17603,12,669,3,3,0.54,5,0,2,4300,723,0.26,1
36,0,42356,12029,48,656,14,3,0.13,28,0,0,55400,1137,0.28,0
59,10,38770,6017,12,637,9,2,0.06,9,1,1,9172,9630,0.16,0
52,0,67664,12878,36,738,6,2,0.21,7,1,0,51515,559,0.19,0
28,14,34418,12590,24,646,1,0,0.54,15,0,1,1550,5863,0.37,0
62,7,52191,23990,48,591,3,3,0.28,26,0,2,3304,236,0.46,0
67,7,87614,7455,12,722,12,2,0.3,23,1,0,14301,10520,0.09,0
58,7,32675,24086,12,776,4,0,0.42,8,0,2,9963,11805,0.74,1
48,3,58941,12598,12,495,9,2,0.33,66,1,1,4823,586,0.21,1
61,6,57403,6872,24,838,11,1,0.54,3,0,2,1350,1972,0.12,0
45,4,46692,6092,12,567,6,2,0.31,1,0,1,359,3671,0.13,1
54,7,38105,42643,60,573,4,0,0.32,27,0,0,3774,930,1.12,1
69,4,89985,12137,60,550,1,2,0.69,3,1,0,3973,14342,0.13,1
44,1,36359,23433,12,650,8,2,0.36,21,1,3,5731,1851,0.64,0
43,1,19810,4794,60,547,14,2,0.38,90,0,1,867,1020,0.24,1
32,1,67525,65030,48,557,11,1,0.32,35,0,1,1711,1971,0.96,1
26,8,26885,22832,60,594,2,0,0.0,28,0,0,7865,804,0.85,0
55,2,69282,11461,12,661,11,2,0.48,25,1,1,9917,1850,0.17,1
64,0,95554,11117,36,668,11,0,0.6,5,0,2,6255,1102,0.12,0
39,6,67162,20759,48,749,8,0,0.54,17,0,2,3242,767,0.31,0
20,11,83759,20056,24,747,6,1,0.27,12,0,0,1182,4346,0.24,0
27,8,134594,14905,12,731,8,0,0.32,91,0,1,15439,280,0.11,0
65,2,79489,13447,24,629,6,1,0.4,8,1,0,11758,12570,0.17,0
35,0,57831,18706,36,502,5,2,0.4,19,1,4,2467,2329,0.32,1
33,4,110965,4698,24,500,5,1,0.45,83,0,1,13357,13792,0.04,1
31,4,117875,10691,12,731,14,0,0.38,46,0,2,4523,5209,0.09,0
42,1,118703,4973,12,717,14,1,0.3,100,0,2,2167,412,0.04,0
34,7,38327,19201,36,600,10,1,0.37,28,0,3,14944,1954,0.5,0
47,12,24909,8906,12,534,10,0,0.5,12,1,3,5542,250,0.36,1
53,5,37175,5203,36,566,11,3,0.79,52,0,0,2940,669,0.14,1
21,5,69690,8297,36,663,8,2,0.28,10,0,4,1054,1555,0.12,1
51,1,53081,14612,12,664,7,0,0.38,5,0,3,1178,832,0.28,1
42,10,44212,11811,60,733,8,1,0.3,36,1,1,13580,1070,0.27,0
41,4,64876,6608,36,613,12,1,0.4,30,1,2,8463,868,0.1,0
44,2,23496,4803,12,630,8,1,0.5,63,1,2,1207,20993,0.2,0
41,5,52605,13965,60,740,7,0,0.32,98,1,2,1180,2060,0.27,1
41,6,85753,9428,36,479,2,0,0.04,58,1,0,61269,3589,0.11,0
68,5,64515,11443,60,675,11,0,0.5,1,1,2,8583,1707,0.18,0
61,9,69279,12139,48,623,9,1,0.37,32,0,0,20982,2620,0.18,0
25,6,108954,17292,48,707,13,0,0.3,46,0,2,29457,188,0.16,0
34,3,47426,22207,60,691,7,3,0.27,120,1,4,1613,11359,0.47,1
62,6,35364,14587,36,594,12,1,0.4,14,1,2,39787,817,0.41,0
56,6,88854,11022,12,609,11,1,0.25,5,1,1,1348,6376,0.12,0
52,0,88041,13559,24,465,6,2,0.26,57,1,2,11790,6655,0.15,1
27,9,64805,10899,12,709,9,1,0.16,11,0,0,4276,250,0.17,1
63,3,45243,4986,24,669,13,0,0.25,27,0,2,11709,1923,0.11,0
63,3,49054,25723,24,761,1,1,0.44,14,1,2,3816,2823,0.52,1
24,8,25890,22972,36,618,11,1,0.14,15,1,0,9497,2040,0.89,1
58,7,85517,44046,60,723,2,1,0.52,39,0,0,25191,1806,0.52,0
23,2,84021,52485,12,564,13,1,0.17,13,0,2,18837,1119,0.62,0
25,8,25442,6597,60,433,1,2,0.37,35,0,1,4562,824,0.26,1
64,2,75645,10924,48,642,10,2,0.42,0,0,3,1565,5789,0.14,1
51,12,59997,60290,36,604,12,0,0.47,11,0,0,3439,2800,1.0,1
49,1,29407,13038,36,565,3,1,0.47,11,1,0,8374,2216,0.44,1
66,5,26822,15467,48,721,11,1,0.34,41,0,2,10747,310,0.58,0
54,1,59085,5363,12,746,5,1,0.32,11,1,2,17747,1363,0.09,0
59,13,40180,14620,48,658,1,4,0.44,30,1,1,2044,1700,0.36,1
35,0,121780,42581,12,635,4,0,0.39,34,1,2,1605,4558,0.35,1
32,7,78928,28910,24,655,14,4,0.3,32,1,1,1445,265,0.37,1
69,2,62121,9265,36,597,13,0,0.41,27,1,2,3879,541,0.15,0
61,3,63674,10532,12,695,8,1,0.32,16,1,0,6355,13076,0.17,0
49,6,95361,6778,60,526,6,1,0.26,14,0,1,7661,752,0.07,0
38,9,74851,8016,60,564,13,0,0.29,24,1,0,900,235,0.11,1
36,11,62936,4246,36,586,1,1,0.42,1,0,0,1565,838,0.07,1
38,0,30027,12696,48,693,12,2,0.21,62,1,0,2115,755,0.42,0
47,6,226607,33059,48,625,1,1,0.52,52,0,0,40502,3700,0.15,0
45,10,28237,16535,12,758,3,1,0.27,12,0,4,3110,3650,0.59,1
56,0,41928,30325,48,714,14,1,0.01,25,0,0,835,622,0.72,1
45,6,21431,25436,36,585,10,0,0.43,80,1,0,7768,1191,1.19,1
42,4,64176,9623,12,700,8,0,0.0,9,0,2,4314,3263,0.15,0
28,6,52868,8470,24,617,11,1,0.2,40,1,1,1200,3386,0.16,0
31,1,71871,8667,48,687,11,4,0.71,2,1,1,2783,579,0.12,1
20,0,20546,4768,48,718,14,4,0.51,22,0,1,3262,654,0.23,1
20,0,85515,13621,12,739,8,1,0.5,64,1,1,4239,18545,0.16,0
66,8,32737,2338,60,666,13,1,0.18,24,0,0,15002,1358,0.07,0
53,9,45501,19050,48,778,3,0,0.32,28,0,0,9629,9346,0.42,0
51,6,78103,13948,36,685,7,1,0.54,71,1,3,5710,2324,0.18,0
67,2,55861,17727,48,660,12,3,0.45,37,0,0,16047,6030,0.32,0
44,0,57870,25190,24,625,3,0,0.52,35,1,0,3005,3596,0.44,1
59,7,73100,15052,48,599,4,2,0.62,26,1,1,2058,2182,0.21,1
64,0,60742,35558,60,683,9,3,0.45,30,1,0,7118,2153,0.59,0
20,2,41334,19402,48,658,13,0,0.17,48,1,1,6488,461,0.47,0
35,2,45105,8482,12,670,4,1,0.44,116,1,2,836,1505,0.19,0
58,4,54499,11583,48,688,3,1,0.31,47,0,3,29492,1018,0.21,0
24,1,31326,3439,60,670,5,0,0.16,36,0,2,1447,1260,0.11,0
41,5,80660,7775,12,811,7,3,0.48,4,0,0,9277,1204,0.1,0
48,2,56631,10629,36,607,5,1,0.53,50,1,4,9540,2161,0.19,0
22,7,50888,18541,12,684,4,0,0.34,39,0,1,121,3647,0.36,0
31,9,88987,8516,24,631,8,1,0.4,44,1,0,6455,1554,0.1,1
45,5,46163,6324,12,453,4,0,0.04,7,0,1,35062,5168,0.14,0
35,6,44747,4304,36,634,2,1,0.52,70,0,2,2096,1144,0.1,0
56,13,38471,9340,48,575,10,1,0.47,3,0,0,503,1988,0.24,1
41,0,58193,43066,12,644,13,1,0.39,8,1,2,4270,29019,0.74,1
48,0,57195,15719,12,647,14,1,0.16,32,1,3,8597,482,0.27,0
33,7,35131,23476,12,680,6,2,0.1,33,0,0,4426,1137,0.67,0
47,12,44853,7785,12,607,2,0,0.65,11,1,2,1571,245,0.17,0
24,3,35249,5197,36,617,3,2,0.2,36,0,1,1427,2324,0.15,1
66,11,34460,6421,60,706,1,0,0.37,14,1,1,701,1841,0.19,0
68,5,20641,12603,60,585,5,0,0.2,0,0,0,518,2076,0.61,0
49,2,43675,4038,12,502,9,0,0.01,5,0,2,3256,663,0.09,0
65,1,20929,7303,36,662,2,2,0.42,64,1,1,8175,782,0.35,1
24,7,38893,9397,36,735,12,3,0.44,7,1,2,5949,1918,0.24,1
31,1,36085,6047,12,705,7,1,0.1,3,0,4,6641,386,0.17,0
35,5,82946,3736,24,664,5,0,0.52,34,0,3,10490,4767,0.05,0
45,11,29511,15895,12,750,2,0,0.27,17,1,0,23620,391,0.54,0
45,3,33503,13732,24,736,8,0,0.19,47,1,0,5080,1531,0.41,0
67,10,40507,21320,12,623,11,0,0.18,59,1,1,7433,1119,0.53,0
40,0,36677,6861,24,669,13,2,0.48,56,1,2,7492,1043,0.19,1
58,2,97209,21077,24,673,13,0,0.06,11,1,4,5865,309,0.22,0
55,0,27742,33442,12,643,6,1,0.16,21,0,2,5029,1722,1.21,1
52,5,40550,15635,24,740,4,2,0.41,31,0,1,5543,478,0.39,0
49,8,57874,9265,48,637,13,2,0.39,11,0,0,32010,2109,0.16,0
56,5,76160,14574,60,609,4,0,0.2,1,0,2,27417,784,0.19,0
42,9,40533,9003,36,442,2,1,0.54,20,1,0,633,1710,0.22,1
29,2,18787,8147,24,586,3,2,0.18,0,1,0,6389,246,0.43,1
24,5,45476,20129,24,544,7,0,0.32,90,0,3,4956,4932,0.44,0
55,2,96376,12290,36,646,3,1,0.3,47,0,1,22296,6038,0.13,0
53,6,56449,27530,24,549,13,3,0.3,6,1,0,4708,985,0.49,1
50,7,55171,10245,36,698,5,4,0.32,10,1,1,6646,39401,0.19,0
29,7,28810,10886,12,738,10,1,0.32,120,0,0,2253,4174,0.38,0
38,0,27368,9509,48,647,6,1,0.31,14,1,2,13044,1360,0.35,0
51,1,49465,6821,48,571,6,0,0.32,45,0,0,1104,1053,0.14,0
20,2,24024,21777,60,672,14,1,0.51,17,1,3,3406,765,0.91,1
24,4,72452,49584,24,801,4,2,0.32,59,1,1,1387,944,0.68,1
64,5,32102,10621,60,776,6,2,0.45,36,0,1,3425,1602,0.33,0
23,7,48420,8881,12,537,3,2,0.37,0,0,0,2543,1723,0.18,0
35,1,19093,8542,48,534,7,0,0.4,10,1,0,13417,385,0.45,1
43,0,40259,8885,12,514,7,2,0.47,24,0,2,3779,8024,0.22,1
35,13,27094,35949,12,559,4,3,0.18,78,0,2,29442,4296,1.33,0
21,0,15352,8681,24,670,2,4,0.44,3,1,0,3680,13793,0.57,1
68,8,64274,9403,12,605,11,2,0.32,27,0,1,1340,2709,0.15,1
47,5,111366,6347,48,582,7,0,0.21,10,0,2,3672,5718,0.06,0
51,6,86226,15933,60,733,3,1,0.47,66,1,1,8709,457,0.18,0
46,4,68929,12831,48,692,1,0,0.29,43,0,0,37192,3506,0.19,0
39,3,39852,6752,24,513,2,0,0.41,13,0,1,2266,251,0.17,1
43,6,73346,7818,48,728,10,1,0.0,5,0,2,35969,620,0.11,0
31,3,90393,33515,36,690,9,1,0.46,0,0,0,3913,28487,0.37,1
69,9,52491,13624,60,692,12,2,0.74,29,1,0,2880,1230,0.26,1
54,7,27114,14200,36,604,8,3,0.35,15,1,2,12466,1770,0.52,0
52,7,38189,14234,36,635,14,2,0.31,11,1,4,27120,3913,0.37,0
52,2,114846,30846,24,492,6,2,0.28,120,0,1,9590,1732,0.27,1
62,4,47222,7135,12,719,14,1,0.43,18,0,0,899,587,0.15,0
56,0,9298,10531,36,570,6,3,0.3,41,1,1,7329,604,1.13,1
31,3,23518,12071,48,580,14,0,0.45,5,1,0,66809,4366,0.51,0
22,0,39647,4756,12,579,1,3,0.61,0,1,0,319,2510,0.12,1
20,10,82282,7710,48,794,2,0,0.48,16,1,1,7693,4536,0.09,0
52,5,42763,25034,48,596,4,3,0.32,32,0,3,3493,3449,0.59,1
59,5,83051,21081,12,725,3,2,0.18,21,0,2,1598,1932,0.25,0
29,4,37681,23440,12,648,14,1,0.29,66,1,0,16984,1834,0.62,0
62,5,18358,9381,48,583,1,1,0.33,17,1,2,610,2011,0.51,1
63,14,38338,10102,24,569,8,1,0.15,11,0,0,3228,1211,0.26,0
48,3,58248,4569,60,599,7,1,0.51,74,0,0,16339,1227,0.08,1
32,2,55880,23368,60,644,4,1,0.44,15,0,3,14245,3140,0.42,0
31,7,26172,25796,24,698,12,1,0.19,9,0,3,10054,8819,0.99,0
50,0,41126,25600,12,612,12,0,0.08,3,0,0,6047,286,0.62,0
65,5,187650,34977,48,609,9,0,0.46,47,1,0,4235,24990,0.19,0
21,3,26459,17210,60,579,11,1,0.1,52,1,0,2795,3873,0.65,0
69,1,68211,34000,48,554,14,4,0.36,1,1,1,1532,2919,0.5,1
54,7,17182,11845,24,547,4,3,0.29,13,1,3,13041,596,0.69,1
42,5,75500,4627,48,729,1,0,0.47,41,0,0,6330,826,0.06,0
36,0,31377,22391,24,607,10,1,0.47,87,1,1,13514,3541,0.71,0
45,2,59936,4526,12,614,1,1,0.23,14,1,0,1924,2382,0.08,0
27,0,25699,14796,24,596,1,1,0.48,61,1,0,1874,436,0.58,1
48,6,56694,23699,24,624,1,0,0.31,15,1,2,8919,700,0.42,0
45,6,31122,16229,60,679,4,4,0.35,5,0,2,319,801,0.52,1
29,1,34285,52414,48,611,1,3,0.36,0,1,0,236,729,1.53,1
45,7,61144,4106,60,664,2,2,0.69,12,0,0,16577,2437,0.07,0
53,0,39529,12711,36,763,4,3,0.33,14,0,0,2103,586,0.32,0
60,1,59289,13500,24,584,7,3,0.1,87,0,1,6195,4259,0.23,1
26,6,44559,5964,36,614,2,3,0.24,6,0,0,7751,352,0.13,0
23,2,50703,6685,60,701,8,1,0.46,14,0,1,17020,5291,0.13,0
69,4,61239,8045,48,769,13,0,0.31,0,0,1,2898,52348,0.13,0
64,2,41150,6906,60,550,7,0,0.35,43,0,0,3095,4258,0.17,0
30,3,29791,12521,48,513,9,0,0.29,74,0,2,2348,993,0.42,0
48,3,37565,9304,48,649,14,1,0.0,8,0,0,10356,1042,0.25,0
55,2,89104,16167,12,641,6,0,0.23,16,1,2,10922,525,0.18,0
44,6,51952,19725,24,706,4,0,0.34,3,1,1,22785,5920,0.38,0
40,2,32130,18940,60,693,6,1,0.08,18,1,2,1101,2163,0.59,0
55,5,59920,10445,48,647,4,1,0.17,4,1,0,71719,247,0.17,0
29,2,61954,15846,60,733,7,4,0.3,22,0,2,3378,365,0.26,1
56,0,63576,24861,60,595,9,1,0.3,39,0,0,4637,261,0.39,1
28,8,30063,17454,48,666,3,1,0.41,24,0,4,5979,4182,0.58,1
43,6,34849,40757,36,552,3,1,0.31,8,1,2,1647,600,1.17,1
54,14,34946,24084,24,646,2,1,0.4,13,1,0,2999,4524,0.69,1
68,0,40932,37460,24,533,1,3,0.24,30,0,0,28359,978,0.92,1
54,4,64180,2994,12,560,14,1,0.38,26,0,3,28895,4323,0.05,0
67,4,56845,14157,12,786,1,3,0.57,4,1,3,6286,1362,0.25,0
55,8,59136,10999,12,504,13,0,0.39,55,0,3,17197,5140,0.19,0
37,2,96472,12394,24,632,3,0,0.31,19,0,2,8046,756,0.13,0
68,0,69178,8242,36,716,14,2,0.21,5,1,2,4589,805,0.12,0
58,9,45665,16944,24,827,7,2,0.36,3,1,1,1989,1095,0.37,0
51,3,27120,4514,24,664,11,0,0.32,101,1,0,1748,4523,0.17,0
43,8,34294,17018,24,668,9,0,0.43,9,0,0,1979,549,0.5,0
42,8,43008,8408,24,653,14,1,0.08,71,1,2,34126,958,0.2,0
51,4,74203,9894,36,734,2,2,0.32,15,1,1,14015,1373,0.13,0
56,4,48355,17380,12,684,7,0,0.41,14,1,1,27699,2804,0.36,0
31,3,35309,14006,60,603,1,0,0.37,36,1,0,7939,1169,0.4,0
68,4,33980,25143,12,739,2,2,0.3,0,1,2,1708,3413,0.74,1
32,8,47344,7467,12,613,6,2,0.3,12,1,0,10137,794,0.16,0
42,1,76496,12728,60,522,11,3,0.19,10,0,1,22554,5366,0.17,0
44,5,108609,22771,24,522,5,1,0.41,60,0,1,10590,4155,0.21,1
54,0,44228,16592,36,633,8,3,0.41,22,0,0,1012,962,0.38,1
60,1,47936,17246,36,658,12,0,0.14,13,1,3,837,3994,0.36,0
49,4,26716,25973,12,726,11,0,0.46,9,1,1,10547,544,0.97,0
36,0,129261,10469,60,701,2,0,0.25,26,0,3,3377,2160,0.08,0
68,13,24330,9227,48,656,1,1,0.29,4,0,0,7149,758,0.38,1
39,0,88065,18874,24,730,7,0,0.63,8,1,0,2062,2552,0.21,0
67,4,40836,12214,12,651,6,0,0.59,10,0,0,5722,1499,0.3,0
44,9,36327,26194,36,546,8,1,0.13,28,0,0,1312,784,0.72,1
41,1,28141,16678,60,529,11,0,0.16,14,0,0,6611,320,0.59,0
32,0,163574,9191,60,752,13,1,0.19,21,0,0,11778,1425,0.06,0
38,3,54761,16367,12,470,14,0,0.59,31,1,3,12587,6716,0.3,1
68,1,49545,7772,48,633,8,2,0.26,93,0,3,1024,2471,0.16,1
55,0,76371,23580,36,850,2,0,0.13,43,0,3,8627,323,0.31,0
31,6,35404,5777,12,686,14,1,0.53,15,1,4,2428,1398,0.16,0
60,5,49066,27812,48,633,8,0,0.44,41,0,1,30711,6682,0.57,0
38,9,50421,16196,60,515,6,0,0.69,89,0,1,15480,1285,0.32,1
31,0,37946,12103,24,779,9,0,0.44,20,1,0,5069,620,0.32,0
28,0,89305,21120,36,747,12,3,0.35,15,1,0,67402,12357,0.24,0
26,3,43944,18156,36,704,7,1,0.39,2,0,2,2052,550,0.41,0
47,4,22548,29680,48,649,2,1,0.28,66,0,3,4589,1409,1.32,1
33,8,42161,29514,12,695,8,2,0.55,8,0,2,9410,919,0.7,0
50,10,55525,16504,60,638,9,2,0.55,1,1,2,56465,3707,0.3,0
38,9,31358,7918,48,572,7,0,0.11,23,0,0,28462,3070,0.25,0
66,6,32620,9653,24,726,4,3,0.49,56,0,1,12862,675,0.3,0
35,8,37304,12797,24,645,9,0,0.19,15,0,1,1714,837,0.34,0
24,2,90275,25566,24,691,4,1,0.71,45,1,4,1711,2106,0.28,1
54,5,38423,10159,48,640,12,2,0.58,54,0,3,11321,2298,0.26,0
31,0,100163,10681,60,686,4,1,0.18,18,0,1,1093,1405,0.11,0
44,5,36045,40498,36,648,9,0,0.39,26,0,0,7218,1289,1.12,1
40,5,57670,12549,12,642,14,3,0.5,22,0,0,12901,468,0.22,1
55,11,39217,9128,36,652,8,0,0.26,84,1,1,834,13839,0.23,0
42,4,71470,21289,60,850,4,3,0.15,38,1,3,10693,3649,0.3,0
35,5,28025,12917,36,714,14,3,0.37,77,1,0,14401,1819,0.46,1
58,5,71070,5803,48,850,8,0,0.33,7,1,0,3178,5291,0.08,0
64,3,51892,24947,24,649,8,0,0.21,11,0,0,4072,1444,0.48,0
61,1,35596,8533,60,625,7,0,0.54,2,1,3,575,738,0.24,1
58,10,45111,13713,60,564,10,3,0.16,20,0,1,4308,2645,0.3,1
33,1,105548,12824,36,778,13,2,0.33,62,0,2,787,2106,0.12,0
50,0,52518,15337,48,577,6,1,0.38,11,1,1,2147,11498,0.29,1
24,7,34497,3588,36,794,8,0,0.4,4,1,0,3032,803,0.1,0
54,9,26840,10926,36,568,7,0,0.52,2,1,0,1227,626,0.41,0
42,3,63114,26236,60,720,5,2,0.31,17,1,2,1100,18239,0.42,0
48,3,54063,28545,36,522,12,3,0.0,5,1,3,1167,6654,0.53,1
62,6,69390,7370,24,614,13,2,0.29,12,0,1,21265,3642,0.11,0
30,2,23597,23210,36,651,13,1,0.46,51,1,1,4518,852,0.98,1
37,1,27278,8460,24,602,4,0,0.33,14,1,2,22462,2862,0.31,0
66,8,86980,10670,60,636,14,1,0.33,28,1,2,3023,437,0.12,1
31,7,57853,11012,48,636,12,1,0.43,20,1,0,3102,1027,0.19,0
28,10,64003,14260,24,714,2,0,0.45,38,1,1,2956,502,0.22,0
29,0,30292,24362,48,483,11,0,0.08,5,1,2,137,789,0.8,1
63,2,30016,15658,48,604,8,2,0.35,75,0,1,9025,487,0.52,1
36,6,80469,12385,24,750,9,0,0.32,30,1,4,4322,3887,0.15,0
57,1,82387,23870,60,694,4,1,0.36,9,0,3,5227,12915,0.29,1
26,7,28448,8253,12,751,4,1,0.05,3,0,0,399,5291,0.29,0
65,9,25856,12754,48,710,5,3,0.55,4,0,2,4748,4121,0.49,0
32,2,46430,24281,48,563,2,0,0.35,45,0,0,2903,1249,0.52,0
59,5,32870,18353,60,702,7,0,0.41,26,0,2,5714,2233,0.56,0
61,10,32529,10099,60,658,5,3,0.61,14,0,2,4486,555,0.31,0
28,12,26220,5389,36,831,6,1,0.42,12,0,1,2744,433,0.21,0
69,7,38784,16099,60,714,4,1,0.12,58,0,3,9659,365,0.42,0
46,7,27519,5181,48,691,8,0,0.34,62,0,2,16808,472,0.19,0
21,1,28347,11760,24,703,8,1,0.45,26,0,3,3012,3850,0.41,1
24,6,56908,27102,12,687,12,0,0.36,22,1,0,864,4343,0.48,0
48,7,47686,19111,36,685,5,0,0.61,50,0,0,935,670,0.4,0
56,4,62469,3967,24,628,12,0,0.22,41,0,2,8163,2497,0.06,1
57,2,21493,15067,12,692,6,0,0.54,15,0,4,23271,6349,0.7,0
38,0,49263,11031,12,725,3,1,0.48,2,0,1,557,1529,0.22,0
27,0,138388,6221,12,734,1,3,0.36,43,1,0,1448,798,0.04,1
67,0,40695,16334,24,725,9,1,0.4,5,0,1,3297,1143,0.4,1
64,7,74041,9946,36,770,9,3,0.2,0,0,1,424,8725,0.13,0
20,5,73718,9983,36,739,3,1,0.3,55,0,2,4376,1674,0.14,0
41,3,75553,14391,12,700,4,0,0.44,25,1,2,7598,18944,0.19,0
36,3,53280,9177,24,558,13,2,0.33,66,1,4,8740,867,0.17,0
26,5,65058,14149,12,558,7,0,0.36,19,0,2,3041,1036,0.22,0
44,4,69529,9358,60,630,2,1,0.5,78,0,0,3204,385,0.13,1
64,0,67354,9671,36,653,12,0,0.06,13,0,2,1442,5881,0.14,0
23,8,28037,24239,48,761,3,1,0.41,38,1,2,586,2005,0.86,1
55,6,20875,25765,12,427,6,3,0.62,10,0,4,3924,671,1.23,1
25,6,22543,4792,60,567,11,2,0.29,0,0,0,8022,1218,0.21,0
50,8,42826,20915,36,634,8,2,0.16,14,0,0,5010,3084,0.49,0
38,1,65970,30919,24,570,1,1,0.29,40,0,0,18598,728,0.47,0
63,9,28220,34010,36,586,4,0,0.12,4,0,1,7438,2634,1.21,1
58,4,77806,18255,24,610,1,0,0.38,21,0,0,10844,4863,0.23,0
46,8,38134,7083,24,574,2,1,0.34,7,0,2,6010,1122,0.19,0
29,7,38315,19496,12,588,8,0,0.4,2,0,2,45752,233,0.51,0
45,0,32271,7930,12,759,6,4,0.33,28,1,1,2730,1342,0.25,1
38,7,19103,10874,36,699,9,3,0.38,91,0,1,11098,1038,0.57,1
58,6,54976,16812,60,711,2,1,0.42,11,1,3,6616,459,0.31,1
22,5,115420,8243,36,647,3,3,0.17,26,1,1,11915,3447,0.07,0
64,4,47508,6715,48,730,9,1,0.4,92,1,0,7333,3598,0.14,0
32,4,19432,17667,24,717,9,1,0.57,31,1,0,4671,2298,0.91,1
69,8,72415,40959,24,697,13,0,0.21,33,0,1,7737,1122,0.57,0
47,7,21755,28167,12,597,6,2,0.4,5,0,0,8991,2097,1.29,1
39,5,26781,20420,60,614,14,2,0.54,20,1,2,10512,884,0.76,1
47,0,43513,24040,12,734,3,0,0.18,13,1,4,28451,3840,0.55,0
27,6,52126,19587,48,608,5,2,0.47,19,0,2,6200,1117,0.38,0
60,7,29604,17499,36,546,2,0,0.32,48,0,1,1317,1370,0.59,1
58,14,42673,22906,36,607,7,2,0.5,18,1,0,5987,1501,0.54,0
20,9,70093,5878,60,774,10,1,0.23,1,1,3,2881,65771,0.08,0
22,0,75063,15058,12,607,11,1,0.35,70,0,3,2788,588,0.2,1
32,5,91649,12726,12,676,8,1,0.12,23,1,1,3341,1077,0.14,0
47,12,127351,14007,48,600,6,4,0.42,77,0,1,1663,310,0.11,0
68,7,73492,10129,36,711,8,1,0.42,25,0,2,276,2391,0.14,0
44,6,43986,18256,12,692,2,1,0.43,2,0,0,28860,12140,0.42,0
52,8,75331,8178,60,530,3,1,0.42,24,0,0,2734,1405,0.11,1
57,2,61905,9698,36,671,7,3,0.34,25,1,0,628,892,0.16,1
25,6,63144,9024,48,515,10,1,0.13,7,0,1,6091,1691,0.14,0
63,3,53562,22434,60,605,12,2,0.5,19,0,0,10288,5643,0.42,0
64,4,31069,13266,24,649,1,0,0.34,18,0,0,3969,8263,0.43,0
51,8,29317,10132,48,797,7,1,0.41,29,0,0,1046,571,0.35,1
64,1,46697,10678,60,675,6,0,0.32,9,0,2,898,3729,0.23,0
66,10,52809,13390,12,588,8,0,0.64,26,1,2,75957,1616,0.25,0
40,3,34901,35358,24,624,7,1,0.26,8,0,0,904,8837,1.01,1
35,6,60577,6361,48,723,4,1,0.26,17,1,3,695,22578,0.11,0
40,0,138743,20036,12,589,3,1,0.12,3,0,1,3393,13395,0.14,0
30,7,20492,17731,24,737,3,2,0.37,1,0,0,13176,611,0.87,0
56,10,65586,7865,36,608,4,2,0.63,11,0,0,35961,716,0.12,0
55,2,47430,32212,12,576,9,3,0.37,9,0,2,3804,11659,0.68,1
54,0,61409,18463,60,610,9,1,0.38,15,1,0,3742,1612,0.3,1
38,6,39523,9851,48,520,13,1,0.5,98,1,0,1052,775,0.25,1
39,10,45568,4378,24,476,2,0,0.37,22,1,2,18140,403,0.1,0
37,0,52299,15328,12,643,5,0,0.53,24,1,1,4520,2108,0.29,0
66,0,42158,13005,36,644,1,5,0.55,85,1,2,4701,1149,0.31,1
60,3,22919,7198,48,670,4,2,0.26,76,1,2,8267,2777,0.31,0
68,1,43610,7142,48,643,2,7,0.14,64,1,4,7060,2228,0.16,1
33,1,24143,22496,12,836,8,0,0.45,3,1,0,4153,474,0.93,0
34,0,67954,4132,36,663,4,2,0.4,30,0,0,23984,735,0.06,0
50,7,19287,16132,24,539,5,1,0.19,49,0,4,717,5110,0.84,1
20,6,81987,11938,12,560,11,0,0.25,54,1,2,6333,5630,0.15,0
22,0,60765,18002,24,650,4,2,0.25,25,0,2,8011,1201,0.3,0
35,10,60882,11197,48,615,5,0,0.37,0,0,0,2996,2194,0.18,0
42,11,16611,15930,24,551,5,1,0.5,109,1,0,10298,575,0.96,1
30,1,41593,8555,36,645,5,1,0.51,19,0,0,10891,1704,0.21,0
31,9,87271,12971,60,646,11,1,0.47,15,1,1,18616,6098,0.15,0
29,2,37823,17916,36,777,3,0,0.31,15,0,0,4298,11329,0.47,0
51,5,28594,14625,24,576,7,2,0.68,16,1,1,3787,1574,0.51,1
35,1,35655,16784,12,616,3,0,0.35,8,0,1,9386,1279,0.47,0
27,13,47375,7656,48,777,2,1,0.29,11,1,0,3877,372,0.16,0
57,3,32026,9373,60,676,3,0,0.15,120,1,0,791,936,0.29,0
31,5,90844,9471,12,576,11,2,0.3,13,1,1,13834,1676,0.1,0
43,2,47461,11317,12,592,3,1,0.42,22,0,0,543,1492,0.24,1
47,12,37131,30186,36,552,8,1,0.11,56,0,0,7958,968,0.81,0
27,12,25573,10802,24,656,4,1,0.21,22,1,0,103382,6672,0.42,0
47,11,62456,6726,36,732,3,2,0.28,11,1,1,9319,2850,0.11,0
55,8,61749,18490,24,780,10,1,0.23,22,1,2,2136,1507,0.3,0
45,2,32987,29971,36,531,5,2,0.22,3,1,0,2859,3835,0.91,1
27,8,16023,6268,12,719,4,1,0.52,4,0,2,7667,1757,0.39,1
69,4,60197,43638,48,663,9,1,0.1,35,0,3,4790,9972,0.72,0
47,10,44649,17138,24,629,8,2,0.38,74,1,2,12179,754,0.38,0
47,9,57990,24843,60,616,11,2,0.43,38,1,0,28003,2594,0.43,0
56,2,130429,32216,60,496,7,2,0.28,2,0,1,23796,174,0.25,0
60,8,48367,23946,12,701,8,0,0.32,15,0,2,1227,1175,0.5,0
55,7,37914,12502,36,544,13,0,0.34,0,1,4,5010,2136,0.33,0
46,0,27621,27739,36,590,5,2,0.45,21,1,4,8878,1270,1.0,1
36,8,41931,15564,12,683,4,0,0.58,6,0,1,30343,536,0.37,0
28,3,53118,25701,60,504,7,2,0.16,60,0,2,7562,842,0.48,1
52,1,50344,27444,60,544,1,0,0.21,3,0,3,2163,597,0.55,1
39,1,116044,6942,36,747,6,4,0.22,0,0,2,8283,1585,0.06,1
32,4,62915,21516,24,659,8,0,0.35,17,1,1,43614,4288,0.34,0
47,6,45825,11978,48,597,7,3,0.29,5,1,0,3630,1234,0.26,1
67,0,34431,14514,24,660,2,2,0.45,40,1,0,2118,13224,0.42,1
48,5,56012,14418,60,703,14,2,0.25,75,1,1,4726,2325,0.26,0
32,7,31147,14075,24,739,13,2,0.22,1,0,2,2250,189,0.45,0
65,12,53632,33326,48,561,14,3,0.24,15,1,4,13258,2608,0.62,0
54,0,62549,5884,24,568,7,1,0.37,120,1,3,2270,1710,0.09,0
25,3,43992,4753,24,698,13,1,0.49,39,1,0,23179,8226,0.11,0
37,6,35769,4188,24,701,6,0,0.34,91,0,2,8904,1774,0.12,0
24,9,16438,25374,24,542,13,3,0.27,5,1,0,11343,1368,1.54,1
66,3,86848,8399,12,571,5,1,0.2,7,1,2,11239,17680,0.1,0
44,9,59973,14462,60,634,4,0,0.57,5,0,2,13660,178,0.24,0
21,0,60706,12471,48,651,1,3,0.09,10,0,0,3390,1238,0.21,0
29,0,22456,7849,60,654,13,1,0.32,38,1,0,1519,2421,0.35,1
49,6,97725,22267,12,541,2,1,0.46,5,1,0,2775,1165,0.23,1
69,0,38847,12376,12,653,7,4,0.32,22,0,0,14937,179,0.32,1
64,0,42429,11583,12,592,10,1,0.27,9,0,3,590,2820,0.27,0
24,2,28720,15363,12,556,3,0,0.43,53,0,0,446,1092,0.53,1
52,8,20060,20587,24,649,5,2,0.19,0,0,0,6434,1556,1.03,0
20,0,87436,7514,60,640,8,0,0.09,7,1,0,13535,7220,0.09,0
37,5,93274,22555,36,714,13,0,0.4,27,0,3,15930,2527,0.24,0
51,9,45126,31885,48,581,13,0,0.2,3,0,0,1570,914,0.71,0
66,4,34902,5677,12,668,8,0,0.37,18,1,0,1193,2787,0.16,0
68,3,40598,15787,60,524,6,0,0.33,17,0,2,2157,1133,0.39,0
30,6,41158,11126,12,628,5,2,0.39,57,1,0,3067,1294,0.27,1
40,4,26905,20323,12,687,13,1,0.32,29,0,0,3286,4159,0.76,1
45,10,42356,6438,12,693,2,2,0.43,30,1,2,5684,892,0.15,1
44,0,52920,35502,12,694,9,2,0.24,90,1,0,26549,3353,0.67,0
41,4,81558,5091,12,714,1,1,0.47,120,0,3,4569,1403,0.06,0
46,5,49371,11538,48,614,11,0,0.17,31,1,1,15141,1034,0.23,0
68,3,22288,17336,60,689,2,0,0.53,22,1,1,10781,1038,0.78,0
32,0,58499,8850,12,799,13,2,0.66,28,1,0,2095,920,0.15,1
52,4,43132,8054,12,612,1,2,0.37,14,0,2,10632,1994,0.19,0
53,8,97266,15265,12,760,12,1,0.59,120,0,1,9791,1336,0.16,0
60,8,100180,13997,12,720,4,2,0.62,36,0,0,4911,8155,0.14,0
54,6,101948,13407,24,628,4,1,0.3,10,0,0,6054,681,0.13,0
20,0,37019,22364,24,635,5,1,0.36,1,0,1,4585,3286,0.6,1
40,6,132578,10544,36,659,5,1,0.23,1,0,2,1325,6358,0.08,0
67,2,58423,16183,12,715,8,2,0.24,6,1,3,84020,12126,0.28,0
25,6,110546,9857,36,682,11,4,0.38,7,0,2,17441,740,0.09,0
47,5,38127,8025,48,612,11,5,0.1,16,1,1,9252,5579,0.21,1
36,1,42222,11261,36,483,3,1,0.48,7,1,0,3022,2267,0.27,1
24,1,56219,9904,60,703,6,0,0.38,29,0,2,4402,5752,0.18,0
50,6,52888,10205,24,495,12,1,0.45,7,0,4,1204,889,0.19,1
24,4,91803,26881,24,540,13,0,0.32,6,1,1,8638,1590,0.29,0
57,1,43648,11470,12,617,12,3,0.45,19,0,0,7357,1211,0.26,1
22,1,87755,8975,12,552,3,1,0.39,65,0,0,3835,1101,0.1,0
42,3,70694,13586,48,675,13,1,0.43,18,1,0,5094,1891,0.19,0
56,11,44059,14221,48,626,2,1,0.49,16,0,1,3435,28124,0.32,1
56,2,68005,6554,60,712,8,1,0.16,25,1,3,2716,3773,0.1,0
29,4,38691,11169,12,521,1,0,0.24,8,1,0,1935,1228,0.29,1
29,5,158752,10902,12,597,9,1,0.7,13,0,0,1443,1311,0.07,1
38,0,12936,12048,48,650,11,1,0.38,7,1,1,2116,3357,0.93,1
36,0,68629,20646,48,653,7,1,0.09,25,0,3,2321,1473,0.3,0
40,0,20286,14501,48,705,12,0,0.09,35,1,1,18161,1478,0.71,0
33,5,43790,27910,24,576,10,2,0.34,33,1,0,2339,533,0.64,1
28,5,46966,13266,36,612,13,0,0.27,8,0,0,427,1716,0.28,0
65,7,104173,38779,36,690,12,1,0.23,45,1,1,6974,112,0.37,0
20,5,34680,10132,12,474,11,1,0.62,8,1,2,10387,258,0.29,1
64,4,94278,8419,24,680,4,0,0.29,4,0,0,15717,1229,0.09,0
32,2,27189,18552,48,711,3,0,0.47,12,1,1,5999,3737,0.68,0
23,8,96118,30286,12,543,6,3,0.39,27,0,2,1251,10641,0.32,1
20,1,38670,5841,24,624,9,3,0.31,4,0,1,1884,2811,0.15,1
68,0,50854,11870,60,769,9,1,0.18,31,0,0,10099,3254,0.23,0
59,7,41432,9260,24,702,4,1,0.47,59,1,3,28306,2047,0.22,0
51,0,93076,14555,12,685,10,2,0.0,10,1,1,1247,4547,0.16,0
53,14,84446,13440,36,729,5,0,0.48,17,1,2,6337,2286,0.16,0
47,5,61190,29948,48,794,11,1,0.37,7,1,2,2525,2724,0.49,0
50,6,27558,12518,60,651,13,1,0.44,13,1,4,1828,323,0.45,0
27,1,34285,30481,24,617,9,2,0.35,0,0,1,5125,2414,0.89,1
58,3,29310,11058,12,729,2,0,0.16,92,0,1,4186,1854,0.38,0
45,3,15929,23292,12,635,2,0,0.41,16,0,1,432,1143,1.46,1
53,2,92102,15324,48,575,5,1,0.48,46,0,1,6259,1240,0.17,1
22,7,41609,37719,12,606,1,1,0.28,4,0,0,7286,416,0.91,1
69,3,41388,5507,12,674,8,2,0.45,50,1,4,12049,3271,0.13,0
31,9,103574,6645,48,614,5,1,0.39,59,1,3,2471,2341,0.06,0
20,15,38638,40093,60,620,12,2,0.42,37,0,0,731,1951,1.04,1
63,3,32201,8604,36,567,10,2,0.22,70,0,0,2964,2328,0.27,1
24,5,43810,8938,36,764,2,0,0.54,5,0,0,11465,459,0.2,0
49,6,27824,7899,24,622,12,5,0.39,19,1,3,4487,12577,0.28,1
49,12,58231,26610,60,593,9,2,0.47,29,0,1,13618,5102,0.46,1
36,4,40666,6297,24,601,2,1,0.29,27,1,1,1031,3578,0.15,0
67,1,38038,13540,36,714,7,2,0.5,59,0,3,13023,9255,0.36,0
66,0,36426,11391,48,695,8,0,0.29,7,1,1,6626,2280,0.31,0
42,4,46485,24882,12,609,14,3,0.22,5,0,2,3210,1325,0.54,1
34,3,51110,9526,36,652,6,1,0.62,8,0,1,17755,2443,0.19,0
56,13,37798,17139,60,672,14,2,0.0,66,0,2,6555,9697,0.45,0
40,12,40970,6616,36,593,11,1,0.8,84,0,1,1508,675,0.16,1
33,0,47062,52279,60,526,7,1,0.46,25,1,1,15966,9570,1.11,1
21,2,44747,11570,60,691,11,1,0.3,20,0,4,3677,408,0.26,0
30,5,49788,13430,60,598,1,2,0.4,27,0,2,5137,3249,0.27,1
58,10,34949,36056,24,685,4,2,0.46,28,1,1,1744,5493,1.03,1
57,5,81007,9395,48,675,13,2,0.3,5,0,0,4619,3673,0.12,1
53,2,51452,36331,36,654,7,2,0.66,34,0,0,1579,5723,0.71,1
57,4,38104,10437,48,615,1,1,0.57,18,1,2,3997,1571,0.27,0
69,2,58232,19990,12,599,13,1,0.76,21,1,1,5099,445,0.34,1
53,7,47231,9474,36,558,1,2,0.17,0,0,2,10167,5740,0.2,0
37,2,20600,5921,48,600,11,1,0.38,43,1,1,908,13814,0.29,0
49,2,58132,17132,48,695,6,0,0.14,54,1,1,16376,1508,0.29,0
34,9,29444,19612,12,761,4,1,0.19,28,0,2,17003,3828,0.67,0
46,1,78214,6066,60,750,3,0,0.3,41,1,1,3917,728,0.08,0
53,0,43439,11111,36,661,12,0,0.3,22,1,3,5738,670,0.26,0
57,5,72405,27459,36,761,5,2,0.41,28,1,1,7099,2034,0.38,0
52,3,35770,19150,12,625,9,0,0.33,15,1,0,5431,812,0.54,0
43,7,50765,10539,60,546,10,3,0.47,47,0,1,10138,2009,0.21,1
34,6,89780,9334,36,803,10,2,0.4,18,1,0,3088,50683,0.1,0
49,4,42851,42999,36,692,12,3,0.6,34,0,0,1974,831,1.0,1
61,4,36482,5607,36,527,14,0,0.47,29,0,0,8215,2632,0.15,1
36,2,68017,12893,60,774,14,2,0.17,36,0,2,787,261,0.19,0
24,5,67361,5547,12,590,12,1,0.33,46,1,0,10330,3215,0.08,0
48,8,37258,29404,36,607,11,1,0.34,21,1,0,11697,832,0.79,1
23,1,18165,13302,48,731,10,2,0.42,50,0,0,1922,2494,0.73,1
29,4,36133,14867,60,758,3,3,0.51,20,1,0,27078,2422,0.41,0
36,9,68780,70356,24,569,5,0,0.39,94,1,0,3224,2107,1.02,1
29,7,33272,9357,12,767,10,2,0.44,41,1,0,2908,637,0.28,0
36,10,48753,38144,48,719,5,1,0.18,5,0,0,2243,1323,0.78,1
39,2,35286,10567,36,586,9,2,0.28,53,1,0,8414,2343,0.3,1
43,0,18655,11613,24,630,11,0,0.06,24,1,0,3072,1384,0.62,1
24,5,34970,65049,12,771,12,1,0.42,120,0,2,876,8464,1.86,1
53,6,68635,12128,60,525,10,2,0.48,38,0,2,7405,1891,0.18,1
25,10,14986,5856,24,760,11,0,0.15,2,1,1,3464,606,0.39,0
21,9,55608,15821,24,717,4,1,0.37,15,1,3,18089,2906,0.28,0
32,7,27091,12044,48,690,1,1,0.33,21,0,0,7118,122,0.44,0
62,8,66451,16651,12,660,10,3,0.6,54,0,0,6764,15641,0.25,0
62,4,70063,12330,48,807,5,1,0.22,39,1,2,16604,272,0.18,0
67,0,44982,50479,48,819,1,2,0.49,13,0,2,5955,4846,1.12,0
30,5,45033,18658,36,600,6,1,0.52,31,0,4,12564,4084,0.41,0
66,8,32755,7009,60,698,12,0,0.32,25,0,3,2253,521,0.21,0
42,7,25014,14396,24,799,10,1,0.39,4,0,0,35427,3345,0.58,0
35,8,114582,8268,12,587,10,1,0.51,8,1,4,6839,846,0.07,1
50,3,31807,11514,60,669,7,0,0.19,12,1,3,1162,1507,0.36,0
30,3,107355,7736,60,730,1,0,0.29,6,0,1,5798,3033,0.07,0
35,6,31896,47300,12,488,10,2,0.38,4,1,4,6148,1714,1.48,1
27,2,63741,8823,60,716,4,0,0.66,1,0,0,5708,601,0.14,0
23,2,27752,20181,36,562,9,2,0.29,61,0,2,311,2839,0.73,1
59,6,63684,11002,60,665,13,1,0.31,10,1,0,2546,1438,0.17,0
23,8,41656,6667,36,741,1,1,0.58,10,0,0,935,1600,0.16,0
44,4,41929,15041,24,458,9,0,0.45,6,0,1,951,1708,0.36,1
22,0,66503,16990,24,712,8,2,0.68,19,0,0,6001,411,0.26,1
51,2,38771,18679,48,813,5,2,0.51,21,1,2,2507,524,0.48,0
22,5,24002,2770,36,607,6,2,0.33,7,0,1,3176,945,0.12,0
46,5,71729,6368,24,696,7,1,0.31,28,0,1,1679,2839,0.09,0
48,5,27640,23730,60,756,4,1,0.23,38,1,0,25723,650,0.86,0
51,7,63465,7675,12,522,14,3,0.15,14,0,2,5155,6688,0.12,0
69,5,79737,15089,12,710,14,0,0.4,26,0,2,790,2257,0.19,0
38,6,40629,6280,36,731,6,0,0.44,20,0,2,10645,2699,0.15,0
40,4,88537,20722,48,701,7,3,0.46,6,0,2,3258,1255,0.23,1
24,9,62373,23359,60,656,11,3,0.33,39,0,1,20586,312,0.37,0
37,10,34615,20726,36,569,6,2,0.64,48,1,1,4867,3245,0.6,1
47,0,98786,24823,12,761,11,1,0.15,31,1,1,2132,816,0.25,0
61,3,27699,34143,36,652,13,0,0.13,11,0,4,2564,350,1.23,1
41,5,40605,6604,60,577,12,1,0.23,78,0,2,3032,721,0.16,0
40,3,44216,8323,24,624,6,0,0.35,18,0,1,8845,1656,0.19,0
25,12,66344,22891,60,679,2,0,0.19,9,0,1,1915,132,0.35,0
20,5,85623,26321,24,525,5,1,0.55,15,0,1,21860,1249,0.31,1
24,1,82983,8914,24,651,3,0,0.24,35,0,2,7648,5481,0.11,0
60,7,54823,8549,24,616,7,0,0.21,56,0,1,6433,1872,0.16,0
31,6,42610,9033,36,756,4,0,0.51,13,1,2,5365,6763,0.21,0
45,6,19673,5099,12,500,1,0,0.38,7,0,0,4797,1160,0.26,0
65,12,25410,6230,36,725,12,1,0.47,29,0,1,1071,6428,0.25,0
53,6,118578,6320,12,763,12,3,0.34,76,0,3,6981,413,0.05,0
68,3,19574,11198,60,503,6,0,0.39,6,0,0,49557,3497,0.57,0
33,0,33115,15717,48,512,6,0,0.13,48,1,4,11273,1605,0.47,0
45,4,86881,17328,60,792,7,0,0.33,19,0,0,8317,8025,0.2,0
64,10,54440,9846,36,577,11,1,0.19,48,0,0,779,1148,0.18,0
46,4,77965,9992,36,850,8,0,0.64,21,0,1,18094,568,0.13,0
28,0,64306,14388,12,505,3,2,0.54,14,0,2,12874,3156,0.22,1
45,3,102210,5444,36,663,14,0,0.25,35,1,2,19948,11069,0.05,0
66,8,56823,23757,24,648,6,0,0.32,69,1,0,1661,2344,0.42,0
41,7,68304,28889,36,633,10,5,0.33,11,0,0,3041,1726,0.42,1
66,1,34128,9178,12,687,2,1,0.67,18,1,1,826,475,0.27,1
49,2,65720,10518,12,691,13,2,0.41,7,0,0,746,5123,0.16,1
62,3,40212,28169,24,636,14,1,0.29,6,0,1,2459,1708,0.7,1
67,2,39083,12408,12,568,9,1,0.37,45,0,1,8615,3908,0.32,0
36,0,76677,19014,48,733,2,1,0.12,6,1,1,2981,2246,0.25,0
45,8,76942,12639,60,700,3,2,0.34,47,0,0,2201,17051,0.16,0
55,10,114030,33988,36,659,12,3,0.19,16,1,0,7385,979,0.3,0
20,0,110374,17926,48,697,13,1,0.07,120,0,1,100,1019,0.16,0
27,9,77548,18556,36,711,10,0,0.65,6,0,0,2563,5512,0.24,0
68,4,20739,18765,48,589,12,0,0.35,2,1,1,7375,5663,0.9,0
54,9,122252,9575,36,694,12,2,0.23,2,1,2,3028,5863,0.08,0
34,5,77573,10117,24,605,2,2,0.1,54,1,0,23366,1783,0.13,0
66,5,33425,21195,12,714,9,1,0.32,17,1,0,2222,2272,0.63,1
41,6,70576,14412,12,634,1,1,0.33,0,0,0,2414,410,0.2,0
33,1,29183,6590,24,698,5,3,0.46,62,0,2,1505,1514,0.23,1
45,9,66790,41104,48,615,1,0,0.21,62,0,0,1979,2451,0.62,1
47,0,25383,24024,60,703,5,0,0.27,49,0,4,6852,2453,0.95,1
42,3,32724,13664,48,571,8,1,0.21,8,1,1,12961,785,0.42,1
33,7,69910,11337,12,652,8,1,0.32,13,1,0,65244,539,0.16,0
43,2,83821,15051,60,728,11,1,0.05,40,1,0,9827,5702,0.18,0
21,8,57683,18224,36,687,8,0,0.23,20,0,1,1195,4798,0.32,0
64,10,42485,3944,60,665,2,2,0.44,5,1,1,21806,1400,0.09,0
45,9,17027,47448,48,794,8,0,0.17,8,1,1,8818,5629,2.79,1
33,0,44156,8317,24,731,12,1,0.5,107,0,0,5086,5081,0.19,1
26,5,64006,13344,36,718,5,1,0.48,4,0,1,17690,285,0.21,0
22,9,41840,13642,48,702,1,1,0.49,38,1,0,84250,1612,0.33,0
66,0,48470,44272,36,712,7,2,0.35,19,1,1,3917,7883,0.91,1
42,7,44675,12671,60,782,13,1,0.34,41,1,0,1808,314,0.28,0
65,7,41737,34651,12,616,6,2,0.4,32,0,2,24171,366,0.83,0
62,0,50916,17052,48,730,5,0,0.55,17,0,0,119082,3602,0.33,0
66,8,42772,7501,24,678,1,0,0.53,13,0,1,5848,7491,0.18,0
64,6,100875,14484,60,619,14,2,0.1,42,0,1,5100,1328,0.14,0
37,7,16265,12442,48,642,14,0,0.22,11,1,0,6042,1078,0.76,0
57,1,37312,6971,24,667,1,1,0.19,46,0,1,8426,278,0.19,0
54,5,31725,16558,48,581,6,1,0.46,34,1,0,906,1302,0.52,1
34,0,54696,13538,60,719,10,4,0.25,25,1,0,7094,358,0.25,0
44,0,50948,18654,48,641,12,1,0.32,13,0,3,6823,1224,0.37,0
56,5,110315,15003,36,656,7,0,0.61,6,0,0,6368,7645,0.14,0
47,9,130036,9039,60,758,10,0,0.52,37,0,1,6005,435,0.07,0
29,6,33304,21183,48,660,10,2,0.56,2,1,2,5516,1369,0.64,1
58,4,49033,9185,12,774,1,1,0.24,105,0,0,394,4661,0.19,0
36,4,54076,2080,48,608,9,0,0.0,115,0,3,2068,769,0.04,0
58,1,32895,14431,36,562,4,1,0.29,4,0,0,13725,2831,0.44,0
41,4,67116,9581,24,626,5,0,0.13,3,1,1,18188,4408,0.14,0
45,6,43488,16802,24,424,2,5,0.06,15,0,2,2958,1970,0.39,1
63,3,28743,44325,24,722,14,2,0.52,99,1,3,1559,2015,1.54,1
44,8,42625,45100,12,566,12,1,0.22,15,1,2,11618,540,1.06,1
36,5,29767,12099,36,600,10,0,0.23,13,0,1,6818,1165,0.41,0
32,6,82316,8136,60,707,13,1,0.3,36,0,1,4245,2161,0.1,0
39,8,126852,18973,24,659,8,0,0.6,5,0,0,13824,223,0.15,0
44,2,55404,10698,36,614,14,1,0.33,13,0,2,1194,152,0.19,1
23,7,51825,16899,48,487,2,1,0.49,10,0,0,19794,1527,0.33,1
29,3,52903,8986,12,754,3,2,0.3,27,0,1,810,2742,0.17,0
22,6,88531,15528,36,707,12,1,0.11,5,1,2,1825,1992,0.18,0
60,2,87583,8207,36,814,9,0,0.17,23,1,3,1409,303,0.09,0
64,1,46266,27188,60,602,2,0,0.35,58,0,1,2443,6086,0.59,0
37,5,55619,9376,36,533,14,2,0.37,21,0,2,7096,2026,0.17,0
66,0,67936,19863,60,729,6,0,0.43,34,1,0,11093,5259,0.29,0
55,3,27754,6255,12,634,12,0,0.43,2,0,0,4456,895,0.23,0
66,0,89886,21347,12,700,4,1,0.49,17,0,1,1060,2419,0.24,1
41,8,116706,7481,48,779,7,0,0.23,2,0,1,445,3204,0.06,0
53,9,87773,15626,60,681,14,1,0.62,27,1,2,13570,5458,0.18,0
66,1,26296,24684,60,663,14,1,0.64,9,0,2,11697,4973,0.94,1
27,6,18306,11849,24,668,6,3,0.27,10,1,0,17766,749,0.65,0
59,8,69867,7204,24,519,10,1,0.23,2,0,2,4192,1591,0.1,0
68,8,33520,17999,48,738,14,0,0.08,11,1,0,10957,1016,0.54,0
63,5,56588,8065,12,743,9,1,0.38,21,1,0,2281,2115,0.14,0
38,7,105616,10482,24,692,14,1,0.42,26,1,0,8749,371,0.1,0
61,2,35295,15666,36,528,9,0,0.26,2,0,2,2763,314,0.44,0
60,5,40587,30224,12,640,10,1,0.39,31,0,1,1849,24939,0.74,0
56,3,56295,13574,36,765,4,2,0.14,20,0,0,6492,15197,0.24,0
25,2,25622,13544,60,604,1,2,0.5,23,0,1,6098,6519,0.53,1
45,5,33559,20795,12,744,2,2,0.27,53,0,1,14675,3079,0.62,0
53,6,49633,13769,48,654,8,0,0.39,12,1,2,1052,4242,0.28,0
64,9,42182,19561,60,707,14,1,0.38,5,0,1,14951,4255,0.46,0
25,6,66449,25517,60,617,10,1,0.06,24,1,0,5743,11160,0.38,0
56,7,195436,10974,36,656,8,2,0.48,87,0,4,17704,1051,0.06,0
52,7,51511,1872,60,684,14,1,0.23,21,0,0,17486,785,0.04,0
41,15,32181,8178,24,563,2,0,0.38,53,0,2,265,1778,0.25,0
40,0,99620,27590,12,671,4,0,0.14,42,0,1,17298,3481,0.28,0
25,2,22149,13091,24,434,1,2,0.28,21,0,0,18245,1366,0.59,1
25,10,24478,10900,36,601,7,0,0.4,31,1,2,1085,984,0.45,0
67,3,36404,26905,36,693,4,2,0.19,15,0,0,754,8786,0.74,1
23,8,42555,12571,12,739,11,1,0.2,22,1,3,12452,719,0.3,0
49,5,35970,3806,60,687,14,1,0.37,21,1,0,5632,9095,0.11,0
30,13,48254,5414,48,538,8,1,0.32,37,0,1,2273,5216,0.11,1
49,0,56239,17174,36,732,9,3,0.4,15,1,2,27626,14811,0.31,0
50,9,83656,12834,12,558,12,0,0.29,3,0,0,7065,19958,0.15,0
43,11,51307,31977,48,699,9,5,0.45,46,0,1,402,2716,0.62,1
28,0,37013,8604,60,561,3,1,0.26,34,0,3,1449,17788,0.23,0
22,8,81415,11095,36,588,5,2,0.44,89,0,2,17168,3151,0.14,1
50,1,32569,7858,12,573,6,0,0.21,16,1,1,5130,2795,0.24,1
59,5,21670,9775,12,661,6,1,0.26,2,1,2,2072,2237,0.45,1
56,3,89588,4293,12,634,10,1,0.46,3,0,3,8458,1121,0.05,0
55,0,86762,10599,36,690,8,0,0.27,44,0,0,2370,4169,0.12,0
43,6,32986,12950,48,648,6,5,0.17,2,0,1,1100,6410,0.39,1
50,5,40152,12310,12,528,6,2,0.61,71,1,0,16648,388,0.31,1
25,10,30993,48520,60,672,4,2,0.34,9,0,3,19951,30206,1.57,0
21,7,57717,40138,12,509,7,0,0.42,68,0,2,8754,10796,0.7,1
39,14,116544,8513,48,579,14,1,0.01,44,1,2,779,952,0.07,0
47,5,69664,3919,36,620,14,2,0.55,61,0,3,45261,3356,0.06,0
30,4,82278,12587,12,615,8,2,0.75,7,1,0,43444,1724,0.15,0
23,4,73855,16745,12,518,3,0,0.54,27,0,0,22644,2607,0.23,0
34,3,49017,7972,60,759,7,4,0.56,2,1,0,7076,1556,0.16,1
25,0,84260,8212,60,781,3,0,0.29,6,0,1,5482,3214,0.1,0
68,4,71147,34528,12,830,8,0,0.39,11,0,2,8306,557,0.49,0
49,0,100682,11446,12,741,1,1,0.42,40,1,2,1248,20112,0.11,0
57,6,38957,19877,60,618,1,0,0.25,0,1,0,2555,606,0.51,1
21,0,20556,7645,48,616,14,1,0.33,70,1,1,2432,3319,0.37,1
34,1,82671,12911,24,612,6,2,0.2,2,0,2,10184,857,0.16,0
30,2,58389,10918,24,808,10,2,0.29,14,1,0,6610,1522,0.19,0
27,4,42276,8908,12,640,9,1,0.48,2,0,0,1556,3003,0.21,1
45,5,43474,26720,60,751,12,0,0.09,43,0,1,726,2013,0.61,0
64,9,175842,5806,36,745,14,1,0.49,4,0,1,7530,2084,0.03,0
63,2,35557,15995,36,665,4,1,0.11,64,1,3,1372,1206,0.45,0
24,6,31995,10795,24,533,6,3,0.36,22,1,1,1089,844,0.34,1
25,15,51156,17135,48,642,12,1,0.37,88,0,2,60825,3749,0.33,0
45,6,88454,10884,24,661,5,0,0.44,10,0,1,78560,706,0.12,0
23,4,153154,22478,12,752,12,2,0.32,18,0,0,2867,884,0.15,0
38,1,68096,7602,48,651,1,2,0.19,35,0,0,551,896,0.11,0
39,4,25972,26756,36,553,6,3,0.38,53,0,0,21015,1255,1.03,1
52,1,131325,13130,60,729,9,1,0.68,16,1,0,7356,379,0.1,0
39,6,48545,6020,60,631,12,1,0.35,66,1,0,12382,385,0.12,0
68,5,32245,20093,12,446,3,0,0.22,3,1,1,2294,3285,0.62,1
31,0,28575,11857,24,675,11,0,0.28,37,0,2,1413,3327,0.41,0
66,4,74470,4794,12,690,3,1,0.37,12,0,1,3687,2544,0.06,0
20,9,55238,16309,60,582,14,3,0.31,3,0,0,6058,8206,0.3,0
45,3,58252,24439,36,634,2,0,0.29,14,1,2,2043,685,0.42,0
33,2,93269,28833,60,702,13,1,0.55,63,0,1,23294,271,0.31,0
57,0,32824,10646,48,676,4,0,0.43,118,1,3,611,4289,0.32,1
56,0,97059,14576,60,524,10,3,0.33,14,1,3,8031,264,0.15,1
30,8,37813,13771,60,750,3,1,0.33,65,0,2,5718,1555,0.36,0
55,4,144640,32659,48,786,12,0,0.38,21,0,2,21217,2455,0.23,0
32,8,66129,8214,24,609,2,3,0.43,37,1,0,1554,17446,0.12,0
62,11,30942,10109,60,497,1,1,0.54,1,1,0,11464,990,0.33,1
22,8,17806,8096,12,711,3,0,0.29,24,0,2,8712,1074,0.45,0
52,2,73457,5599,60,596,10,1,0.2,2,0,1,6587,3741,0.08,0
25,5,40656,15501,12,692,6,0,0.27,9,1,1,1696,3505,0.38,0
69,2,45352,34918,48,826,9,0,0.22,25,1,2,1943,1239,0.77,0
29,2,71904,11859,60,526,11,2,0.12,49,0,2,3444,2216,0.16,1
24,6,81243,7870,48,586,5,2,0.56,24,0,0,2688,803,0.1,1
42,1,90386,14944,48,634,3,0,0.48,82,0,0,22295,2955,0.17,0
29,0,27243,19024,24,753,14,1,0.01,49,1,0,5782,313,0.7,0
63,1,100002,12163,60,850,5,3,0.38,5,0,2,12755,44293,0.12,0
21,3,36697,31011,12,669,5,1,0.29,14,1,1,861,3996,0.85,1
32,11,15865,8205,12,519,5,1,0.28,33,0,3,538,538,0.52,1
59,3,27194,11246,60,622,12,2,0.0,83,0,2,3970,1346,0.41,0
21,7,54666,15956,24,588,12,1,0.35,120,0,0,1060,567,0.29,0
39,4,30049,16911,24,707,7,0,0.36,43,0,0,5155,734,0.56,0
20,9,46909,13743,24,680,5,1,0.17,25,1,1,1786,2282,0.29,0
56,9,58053,6203,12,566,7,0,0.59,42,1,3,7096,8356,0.11,1
28,9,44770,54328,48,583,9,2,0.47,9,0,0,1920,1617,1.21,1
36,0,38285,11596,24,621,5,2,0.19,10,0,2,9636,225,0.3,0
28,5,26229,14273,12,630,2,1,0.5,31,1,0,1707,920,0.54,1
30,8,49561,19342,12,646,5,2,0.28,61,0,0,524,989,0.39,0
34,6,17457,9118,48,653,8,2,0.51,105,0,3,13673,1993,0.52,0
43,7,34787,13823,60,748,12,0,0.13,12,0,0,1953,1548,0.4,0
57,5,30825,8898,60,618,4,2,0.38,47,1,2,25514,160,0.29,0
54,2,43491,17142,24,606,2,3,0.17,57,0,0,2276,653,0.39,1
49,0,44061,11320,24,542,10,0,0.22,29,1,2,1831,534,0.26,0
50,2,79219,15697,48,632,3,5,0.06,12,0,2,3495,4852,0.2,0
68,15,108200,7130,24,670,9,2,0.16,28,0,3,2508,1321,0.07,0
24,3,28032,8124,48,512,9,1,0.16,26,0,0,5718,200,0.29,0
63,0,132775,5889,12,622,8,1,0.15,27,0,0,7967,695,0.04,0
69,7,33201,8722,24,742,8,0,0.38,28,1,1,9558,6582,0.26,0
33,8,53437,2852,12,701,8,3,0.09,56,1,0,4434,935,0.05,0
30,10,63286,11111,36,679,8,1,0.39,5,0,2,811,856,0.18,1
28,6,166423,9695,48,699,8,1,0.5,13,1,1,38875,1499,0.06,0
53,8,37378,14625,36,604,1,1,0.22,26,0,0,3155,2317,0.39,0
31,12,19962,13722,24,593,6,1,0.34,9,0,2,2963,1545,0.69,1
54,2,103279,28402,12,751,12,1,0.3,114,1,2,4417,5571,0.28,0
54,1,32315,63359,24,716,9,1,0.29,9,1,4,3591,1545,1.96,1
20,0,40913,26437,36,590,8,1,0.0,19,1,1,602,3795,0.65,1
59,3,28032,10179,24,499,3,2,0.18,62,0,0,9798,2244,0.36,1
41,10,40972,9936,60,591,11,2,0.57,2,0,0,1836,436,0.24,1
48,7,32202,22498,36,693,1,0,0.4,51,0,0,3332,12885,0.7,0
27,6,68749,4865,24,597,2,1,0.31,25,1,0,40587,6446,0.07,0
30,0,51041,11057,12,676,11,1,0.05,0,1,4,15266,969,0.22,0
60,2,34873,11580,24,763,2,1,0.44,69,0,0,34017,1600,0.33,0
56,0,80654,18967,12,642,7,2,0.21,1,1,0,2181,3557,0.24,0
33,9,55686,19308,60,668,12,0,0.16,21,0,0,11802,2204,0.35,0
49,11,19476,8546,24,704,6,1,0.18,1,1,0,7973,2034,0.44,0
54,8,77641,10418,60,563,11,1,0.43,2,0,0,4602,3153,0.13,1
40,1,53768,17449,36,588,2,1,0.34,65,0,1,1996,2667,0.32,0
56,10,98259,8272,12,708,8,0,0.48,43,0,1,18061,2680,0.08,0
24,3,52154,27547,36,652,9,0,0.52,6,0,0,2651,1999,0.53,0
38,0,32996,19254,12,659,7,2,0.24,29,1,0,5787,3651,0.58,0
33,1,44260,14807,60,652,4,1,0.34,47,1,2,14701,2277,0.33,0
45,3,73273,16891,48,728,13,1,0.3,66,1,1,1522,2340,0.23,0
23,5,33343,10095,24,684,13,0,0.15,18,1,0,1330,8203,0.3,0
44,4,39334,9174,60,685,1,3,0.17,68,0,3,100642,2912,0.23,0
64,0,43877,10354,12,747,4,0,0.33,21,1,1,1750,2600,0.24,1
61,9,27592,18033,12,778,4,1,0.34,34,1,1,34203,680,0.65,0
44,4,33585,15072,12,829,8,1,0.34,115,0,3,4611,718,0.45,0
37,2,53437,10366,12,603,4,1,0.34,8,0,1,2948,6347,0.19,1
59,9,89432,20946,24,847,4,2,0.23,5,1,2,3321,3387,0.23,0
27,0,57444,12035,36,562,13,1,0.67,12,0,3,4561,4960,0.21,1
58,0,47909,8813,48,804,2,0,0.38,5,1,0,24477,2247,0.18,0
59,10,32349,15562,24,599,12,2,0.26,10,0,3,12177,2799,0.48,1
33,12,84760,7274,12,644,10,0,0.41,40,0,0,3812,1540,0.09,0
51,3,60885,4854,24,651,7,3,0.22,19,0,0,523,1755,0.08,1
57,4,34428,13318,60,580,4,1,0.35,14,0,2,5037,1143,0.39,0
52,0,76827,9005,12,656,11,1,0.41,13,0,3,5764,7840,0.12,1
42,5,64847,11470,48,584,6,1,0.43,6,0,2,22252,826,0.18,1
34,3,32638,7479,12,551,3,2,0.16,17,0,0,842,2535,0.23,1
52,4,46597,27594,48,646,7,2,0.8,29,1,1,2718,1521,0.59,1
44,6,38315,8983,48,777,6,2,0.53,4,0,1,2617,5151,0.23,0
36,0,182913,10309,36,629,3,0,0.65,108,1,0,4596,2322,0.06,0
52,3,63950,16759,36,725,4,1,0.31,17,0,4,5482,3003,0.26,0
66,0,53818,5849,24,582,10,2,0.39,88,1,0,8317,2271,0.11,1
21,3,62089,5595,24,547,14,0,0.36,4,1,0,505,607,0.09,1
33,4,97692,16790,48,686,5,3,0.27,43,0,0,6048,3312,0.17,0
59,5,47019,10229,12,790,9,3,0.46,28,1,1,6599,1621,0.22,0
59,5,36499,7778,60,666,14,0,0.22,51,0,2,5378,782,0.21,0
58,8,74767,19187,60,716,6,3,0.45,27,0,0,3971,383,0.26,0
25,0,44915,8207,12,769,13,1,0.28,98,1,2,81,735,0.18,0
25,0,28711,11330,12,647,4,0,0.41,29,0,0,9718,4190,0.39,0
22,7,26046,7803,36,637,11,0,0.57,46,0,1,1528,12557,0.3,0
26,0,105308,16027,60,687,11,2,0.33,63,1,2,10264,2059,0.15,0
27,5,52356,29710,48,702,7,1,0.47,37,1,0,22030,604,0.57,1
61,0,36505,4373,24,538,2,1,0.27,22,1,1,657,2858,0.12,0
34,11,43600,14293,36,673,4,2,0.17,9,0,2,9896,5914,0.33,0
66,6,73403,22335,60,649,5,1,0.6,57,1,1,1115,14963,0.3,0
48,4,42331,10374,12,586,4,0,0.46,19,1,1,4670,7262,0.25,1
52,9,23748,6777,60,644,4,1,0.33,29,1,2,4225,2313,0.29,0
49,0,57694,17198,48,556,11,2,0.45,2,0,4,12181,3403,0.3,1
58,1,89695,24367,36,529,13,1,0.2,20,1,0,10193,816,0.27,0
46,0,86745,22795,12,655,9,0,0.42,35,1,2,6731,4344,0.26,1
55,1,37061,16639,48,722,14,1,0.38,26,0,0,684,5051,0.45,0
48,5,92465,14168,24,622,11,0,0.45,17,1,0,240,115,0.15,0
57,6,54528,7789,36,573,13,2,0.6,7,0,0,14687,2115,0.14,1
52,8,91178,22452,48,585,2,1,0.57,11,0,4,12037,9312,0.25,1
56,0,65306,21719,48,693,6,2,0.14,36,1,1,1484,864,0.33,1
46,4,22907,6749,12,783,14,1,0.05,7,1,0,7456,174,0.29,0
52,0,117403,16625,24,711,8,2,0.39,29,0,0,3823,1753,0.14,1
23,4,50306,19765,48,754,8,3,0.38,26,0,3,18102,5905,0.39,0
41,14,65407,22680,36,566,11,1,0.18,105,1,1,5433,2809,0.35,0
21,6,25033,12771,48,644,7,2,0.21,1,1,0,14479,1862,0.51,0
29,8,63111,7986,60,731,10,1,0.23,3,1,3,2353,653,0.13,0
24,12,85089,9884,36,538,11,2,0.55,21,1,2,6919,540,0.12,0
29,9,129011,7300,36,597,4,0,0.28,22,1,0,2995,2210,0.06,0
52,3,98735,12956,48,725,7,1,0.12,1,0,1,2339,1695,0.13,0
57,0,64673,11520,12,670,13,2,0.34,52,1,3,300,4618,0.18,0
32,4,22647,48388,36,572,10,1,0.35,20,0,3,14885,2935,2.14,1
50,2,52372,22852,60,519,6,1,0.2,12,1,0,40120,798,0.44,0
66,0,36451,23902,12,756,11,2,0.44,11,0,0,929,2396,0.66,1
55,5,55132,17726,12,485,6,1,0.52,59,0,0,11297,1997,0.32,1
64,6,26684,10717,12,700,2,1,0.3,6,1,1,10746,289,0.4,0
43,12,44130,11324,36,607,8,1,0.12,5,1,2,2650,1140,0.26,0
34,3,37850,11964,12,733,8,0,0.31,7,1,0,2028,1931,0.32,1
48,6,37268,14957,48,566,14,1,0.4,29,1,2,20264,1596,0.4,0
27,2,37454,16873,12,850,11,2,0.03,49,0,2,17856,2558,0.45,0
24,8,45801,13365,60,682,7,0,0.42,12,1,2,8448,1970,0.29,0
48,4,56562,11222,24,695,11,2,0.29,5,0,3,2633,2630,0.2,1
66,0,14055,9353,60,588,9,1,0.36,7,0,1,18166,2172,0.67,1
23,4,14939,5793,36,639,8,0,0.31,28,0,0,1801,1762,0.39,0
31,6,41384,28854,12,641,14,3,0.24,8,1,2,27031,2154,0.7,0
64,6,44405,50177,12,793,9,0,0.33,62,1,2,34844,1214,1.13,0
21,9,53882,27435,48,682,9,1,0.27,3,1,0,20287,1144,0.51,0
46,0,34069,6276,12,693,6,1,0.3,0,0,2,7415,2014,0.18,0
50,1,49253,21422,60,692,2,1,0.22,2,0,0,231,198,0.43,0
55,7,52222,24692,36,700,12,1,0.43,56,0,0,3937,1202,0.47,0
55,2,33952,10487,24,538,7,1,0.54,31,0,0,40857,831,0.31,0
45,5,81367,17914,12,813,3,1,0.22,94,0,4,15130,725,0.22,0
62,0,53556,10160,24,579,13,1,0.33,12,1,1,8286,1278,0.19,0
46,15,64439,33434,12,646,7,0,0.19,7,1,0,2171,413,0.52,0
24,3,50737,16634,36,772,9,1,0.41,24,0,4,16802,1284,0.33,0
39,9,140341,7705,60,804,10,2,0.38,23,0,2,744,2331,0.05,0
30,3,66052,19967,36,714,14,1,0.26,26,1,2,4003,5741,0.3,0
29,6,38407,25216,24,609,10,1,0.34,12,1,0,39650,20314,0.66,0
59,10,73901,15046,12,660,2,1,0.48,0,1,0,1871,241,0.2,0
57,9,21616,17812,24,663,14,0,0.11,1,0,1,10209,647,0.82,0
25,4,52041,12812,60,666,13,1,0.16,32,0,2,596,1284,0.25,0
27,4,57502,6764,36,551,6,4,0.44,22,1,2,2247,2105,0.12,1
42,9,52339,12197,24,750,13,0,0.36,51,0,2,6095,2699,0.23,0
66,14,41485,18284,24,660,6,1,0.34,10,1,2,7512,924,0.44,0
45,5,29550,12371,60,592,9,0,0.49,50,0,0,58743,112,0.42,0
65,12,33035,21600,12,610,13,1,0.46,16,0,2,2684,5642,0.65,1
62,4,51587,10558,24,671,9,0,0.61,3,1,1,10029,3142,0.2,0
31,8,28092,10982,60,537,13,0,0.48,114,0,0,9697,3962,0.39,1
45,9,118786,21997,12,720,5,0,0.43,21,1,0,2424,1427,0.19,0
32,3,13089,15261,12,668,14,1,0.34,29,0,2,15477,2660,1.17,0
59,2,41701,10435,36,775,5,2,0.33,33,1,3,10957,200,0.25,0
37,9,51802,24841,60,656,9,2,0.35,13,0,0,3539,557,0.48,0
44,2,63177,8837,12,563,8,3,0.38,41,0,0,6208,6725,0.14,0
52,1,31009,8637,36,554,7,0,0.17,61,0,0,1553,1870,0.28,0
66,2,86434,2446,48,618,8,1,0.39,14,1,3,1698,14132,0.03,0
59,2,24418,9581,60,627,6,1,0.31,32,1,2,4789,618,0.39,0
62,8,36935,29296,48,604,3,2,0.4,42,0,4,12051,29952,0.79,1
31,7,66861,3853,12,660,7,1,0.26,6,1,3,3293,35063,0.06,0
63,7,82462,7546,60,602,8,2,0.25,12,1,0,2345,889,0.09,1
55,6,24294,17386,36,670,8,3,0.38,3,1,0,3726,1096,0.72,1
67,2,183968,3474,12,608,1,2,0.42,27,1,1,13284,7166,0.02,1
23,7,31296,9833,60,700,7,1,0.26,48,1,0,970,973,0.31,0
24,9,25435,26489,60,625,3,2,0.55,28,1,0,13816,1349,1.04,1
56,7,63029,45515,48,749,2,1,0.55,5,0,0,9084,807,0.72,0
27,6,41185,15901,12,702,14,0,0.11,23,0,2,964,831,0.39,0
61,1,38252,7662,36,665,2,1,0.23,54,1,1,3705,2058,0.2,0
68,5,66027,7509,36,633,14,1,0.37,10,0,0,10543,1338,0.11,0
47,1,22841,14573,12,528,14,0,0.41,53,0,1,496,181,0.64,1
50,4,20929,15812,12,763,8,2,0.67,46,1,0,1418,8823,0.76,1
28,0,36362,40731,24,595,9,0,0.37,0,0,2,790,10501,1.12,1
48,0,84031,23920,48,657,3,0,0.33,8,1,2,2456,3176,0.28,1
33,4,37159,14051,12,677,14,1,0.18,23,1,0,17073,2076,0.38,0
59,2,109051,10925,12,635,3,2,0.11,37,1,2,12809,645,0.1,0
60,5,89367,81538,24,758,6,0,0.33,63,0,1,2679,1087,0.91,1
41,4,56470,19456,24,552,11,2,0.66,30,0,0,16894,5991,0.34,1
30,5,58096,8944,60,788,10,1,0.32,14,1,0,10895,3490,0.15,0
42,7,56443,11675,36,703,1,0,0.23,6,0,4,22700,2983,0.21,0
20,3,53096,7891,48,630,6,2,0.42,42,0,0,4419,3126,0.15,0
65,4,40818,3156,60,631,12,2,0.05,6,1,1,9385,5818,0.08,1
56,10,43256,16116,12,472,3,0,0.36,35,0,2,281021,4933,0.37,0
40,5,28710,38928,24,582,11,4,0.47,5,1,0,3389,3859,1.36,1
45,4,16235,5022,36,621,4,0,0.21,2,1,0,4546,1232,0.31,1
65,5,85138,13810,60,664,9,1,0.56,8,0,3,4061,11531,0.16,0
55,4,53030,8741,36,750,3,4,0.45,10,0,0,4408,1060,0.16,1
42,2,49173,18267,24,813,1,0,0.56,31,0,2,9601,695,0.37,0
20,1,59827,12047,60,671,3,1,0.14,5,0,2,5269,972,0.2,0
59,1,32396,5907,60,666,7,3,0.32,79,1,2,955,487,0.18,1
34,8,29716,7415,36,610,13,0,0.49,24,0,4,5022,3435,0.25,0
40,2,42538,8117,24,512,7,1,0.13,20,0,2,2613,1781,0.19,1
66,4,97153,29929,12,601,11,2,0.49,17,1,2,617,6257,0.31,0
28,7,27326,29026,60,633,5,1,0.32,25,1,3,19419,122,1.06,0
28,3,13180,11083,12,728,14,1,0.49,0,0,3,2596,2280,0.84,1
29,7,37771,27908,24,691,1,3,0.38,120,1,4,7785,1362,0.74,1
45,0,86798,12041,60,667,11,2,0.56,24,0,2,111,1236,0.14,1
60,4,20614,10981,60,603,8,3,0.16,1,1,0,8943,575,0.53,1
54,5,27169,13825,12,491,10,1,0.4,26,1,2,3374,1896,0.51,1
44,5,55925,15849,48,496,8,2,0.12,17,1,0,760,779,0.28,1
45,0,177185,9573,12,516,10,2,0.41,0,1,0,2534,9620,0.05,1
30,9,24856,13536,12,626,12,1,0.4,77,0,0,2156,3603,0.54,0
57,1,24380,21426,48,729,10,4,0.31,0,1,3,12098,5321,0.88,1
21,6,58066,14439,24,727,13,1,0.23,25,1,0,5478,266,0.25,0
26,5,89530,13707,24,713,10,3,0.3,97,0,2,790,4789,0.15,1
37,9,35880,17970,60,608,2,1,0.36,8,0,1,8318,4317,0.5,0
46,13,21792,19930,36,741,10,1,0.39,8,1,0,409,1156,0.91,0
53,0,60893,12867,36,575,3,0,0.64,0,0,1,1273,1472,0.21,1
46,2,66664,10051,60,718,4,2,0.48,2,1,2,5001,613,0.15,1
36,5,119291,14965,36,516,1,3,0.26,1,1,3,2323,1289,0.13,0
62,0,68082,5133,12,555,4,2,0.44,51,1,0,20538,3364,0.08,1
63,8,74163,11775,12,782,5,2,0.48,54,0,0,6022,865,0.16,0
43,8,42998,3032,48,633,3,0,0.25,38,0,2,10416,1881,0.07,0
44,7,166167,4887,48,595,14,2,0.46,13,0,0,10938,29738,0.03,1
26,5,40172,4466,60,738,11,1,0.13,51,1,0,2887,616,0.11,0
25,10,36099,25044,60,747,10,0,0.25,23,1,0,1368,2605,0.69,1
43,0,121146,13472,60,615,2,1,0.14,10,1,2,4628,579,0.11,1
52,5,23455,6265,12,672,13,1,0.32,17,1,0,13914,352,0.27,0
68,2,19463,17937,36,660,6,1,0.28,2,1,1,3717,4355,0.92,1
48,8,52040,24177,60,423,8,0,0.29,86,0,4,9988,1155,0.46,1
62,0,48978,18125,60,538,7,2,0.47,28,1,2,4756,10501,0.37,1
41,4,43741,11929,12,725,11,1,0.36,39,0,0,762,3376,0.27,0
45,6,80576,15359,12,583,14,1,0.47,33,0,1,844,761,0.19,1
47,1,31129,22945,12,692,1,1,0.59,33,0,0,32047,689,0.74,0
69,2,50619,10081,36,671,4,0,0.66,0,0,0,1210,3994,0.2,0
40,5,40943,13601,60,747,3,2,0.33,22,0,0,2286,567,0.33,0
68,8,31394,11449,24,540,6,0,0.43,51,0,1,14781,550,0.36,1
26,0,47528,5074,24,681,9,1,0.33,1,0,1,1174,272,0.11,1
36,1,75079,23154,60,644,9,3,0.5,93,1,3,2164,3589,0.31,1
39,9,141532,45906,60,586,7,2,0.47,16,0,3,3812,742,0.32,1
60,3,65493,7908,60,586,12,0,0.25,10,1,0,3259,2685,0.12,0
68,1,13968,23803,60,668,9,2,0.27,22,0,2,1533,431,1.7,1
39,7,48094,8061,36,700,8,2,0.56,48,0,0,3896,298,0.17,0
41,3,50256,14467,24,655,5,0,0.27,19,0,2,11102,3990,0.29,0
47,9,78284,33017,48,657,9,1,0.33,31,0,0,4240,1518,0.42,1
59,2,53766,9776,24,610,14,0,0.45,20,1,3,2230,857,0.18,0
68,4,91724,13242,24,615,7,1,0.33,29,0,3,15295,1058,0.14,0
26,8,59625,4532,12,586,5,1,0.58,4,0,0,38091,1062,0.08,0
20,4,106873,8968,60,608,8,1,0.5,1,0,2,15462,16944,0.08,0
51,8,39364,4256,60,697,7,0,0.22,4,1,2,1276,2421,0.11,0
32,4,52689,17283,60,706,9,1,0.26,10,1,1,1318,2106,0.33,0
49,12,74111,22004,12,547,10,2,0.44,8,0,2,8303,789,0.3,1
42,11,36823,11696,36,578,1,1,0.34,28,0,2,6034,4296,0.32,1
38,0,33024,15859,36,593,13,2,0.06,18,0,3,1130,509,0.48,1
51,7,35786,10988,48,644,9,1,0.2,1,0,2,6930,3198,0.31,1
49,1,33704,20833,36,515,7,3,0.39,1,0,1,5533,3217,0.62,1
48,5,63658,14438,36,579,1,0,0.48,2,1,2,28955,5537,0.23,0
68,5,19586,4058,60,539,1,0,0.49,13,1,4,2914,207,0.21,1
64,0,22516,23481,24,682,5,0,0.64,0,1,0,25949,6247,1.04,0
48,9,124414,10575,36,647,8,2,0.25,20,1,0,27350,2668,0.08,0
49,5,34113,6233,36,612,9,3,0.25,13,0,2,2191,788,0.18,1
35,3,54176,10266,12,564,12,2,0.35,24,0,4,7516,168,0.19,0
59,3,23281,4267,48,614,6,2,0.1,38,0,0,3813,1156,0.18,0
38,5,51382,6311,12,604,12,1,0.35,8,1,1,3630,2220,0.12,0
37,6,34217,14556,60,780,13,2,0.32,5,0,0,6604,339,0.43,0
20,4,22436,15306,24,729,10,2,0.47,9,1,2,1904,709,0.68,1
33,0,95650,16056,48,594,12,0,0.49,0,0,3,724,450,0.17,1
66,5,88546,13385,12,663,8,1,0.4,3,0,1,2595,1120,0.15,0
69,0,46458,8815,36,725,6,0,0.35,41,1,1,20273,546,0.19,0
21,4,80798,12930,36,594,11,0,0.4,7,0,3,3850,19678,0.16,0
47,0,126962,10277,48,536,6,1,0.23,120,0,0,4779,4675,0.08,0
68,0,71470,5036,36,506,4,3,0.34,5,0,3,12723,535,0.07,1
69,9,62307,8404,12,751,11,5,0.35,46,0,1,722,628,0.13,1
49,3,54147,22781,12,634,5,1,0.34,36,1,1,8324,354,0.42,0
57,3,67829,34647,36,673,14,2,0.32,11,1,1,36454,1532,0.51,0
23,6,40865,19747,36,604,2,0,0.26,12,0,2,5485,12742,0.48,1
20,3,42688,33732,60,548,3,2,0.2,24,0,3,489,6748,0.79,1
27,13,61417,14062,24,563,3,2,0.32,57,0,4,4484,2248,0.23,0
48,3,38679,38003,48,542,14,0,0.44,14,1,2,10221,1308,0.98,1
58,6,40827,45829,12,717,12,0,0.09,1,0,0,5622,3316,1.12,0
22,8,49025,4721,48,769,11,0,0.28,14,0,0,6815,2459,0.1,0
51,11,87142,15258,60,652,5,0,0.66,6,0,1,7872,2910,0.18,0
29,2,27824,14070,12,528,14,4,0.32,84,0,3,1605,2246,0.51,1
29,3,71652,10358,60,689,5,2,0.37,35,1,1,1865,2949,0.14,0
38,10,72831,17946,60,751,6,0,0.63,1,1,4,3154,378,0.25,0
65,8,72613,13693,36,727,5,3,0.4,10,0,4,7873,1583,0.19,0
53,9,32748,8593,48,647,12,0,0.4,1,1,1,1179,2337,0.26,0
52,0,21029,13148,48,631,6,2,0.21,53,0,3,57965,1120,0.63,0
42,11,64851,27522,36,647,8,1,0.4,71,0,4,268,458,0.42,0
47,1,53839,14906,48,748,2,1,0.35,3,0,2,633,1818,0.28,1
51,5,80998,19461,36,710,4,3,0.49,17,0,2,9551,173283,0.24,0
69,4,34535,11313,12,619,13,0,0.54,80,1,2,8613,731,0.33,1
26,1,71686,17522,60,617,6,2,0.35,4,1,0,4505,1546,0.24,0
48,0,83050,6467,60,611,12,1,0.41,10,0,2,11063,7241,0.08,0
27,0,46739,9898,48,564,5,2,0.07,10,0,0,9713,12713,0.21,0
20,5,60383,12561,24,758,1,0,0.01,0,0,0,4915,951,0.21,0
22,0,59336,6211,60,586,9,2,0.51,1,1,3,6781,5224,0.1,1
43,0,32508,8118,36,689,3,2,0.0,91,1,2,113,4317,0.25,0
42,4,63930,16120,24,597,2,2,0.4,25,0,0,4188,1035,0.25,0
27,0,110331,14442,24,611,9,1,0.32,10,1,1,4641,3595,0.13,1
66,8,49568,21672,60,640,7,0,0.53,14,1,4,48795,1494,0.44,0
56,0,23612,9317,60,693,5,3,0.34,37,0,3,1824,907,0.39,1
22,4,34765,13829,60,629,12,0,0.62,13,0,0,4707,11979,0.4,0
52,5,20136,8927,36,558,6,0,0.32,7,1,4,27129,3693,0.44,0
47,7,93445,20407,24,651,12,2,0.52,3,0,1,9625,284,0.22,0
66,4,71829,27294,48,588,11,0,0.13,39,0,2,5065,1571,0.38,1
27,13,38151,17854,36,773,4,2,0.0,5,0,2,15596,1021,0.47,0
53,5,24124,25253,12,629,1,1,0.35,2,0,3,1898,1434,1.05,1
54,9,32317,13622,60,596,4,3,0.14,16,1,3,38963,3189,0.42,0
51,2,35627,21662,24,807,9,1,0.34,1,0,0,10625,2496,0.61,0
43,5,51777,13978,36,709,1,0,0.29,100,0,2,698,8755,0.27,0
33,11,50913,7223,12,578,10,6,0.44,29,0,1,2377,6932,0.14,1
51,4,95866,15491,36,586,3,0,0.19,4,1,1,369,475,0.16,0
65,5,34669,7352,36,687,5,0,0.41,5,0,1,12770,1622,0.21,0
62,8,23061,54365,48,653,7,0,0.48,25,1,1,9664,212,2.36,1
35,2,27488,10933,48,721,9,4,0.32,13,0,1,2828,604,0.4,1
23,0,48459,19673,36,596,6,1,0.42,44,1,0,20752,180,0.41,0
56,6,34052,13260,12,706,3,2,0.2,23,1,2,4446,322,0.39,0
40,8,42361,6373,24,470,13,0,0.29,17,1,2,114469,8434,0.15,0
33,0,39065,4276,24,637,7,3,0.15,98,0,1,1165,4138,0.11,1
50,7,80428,20939,60,600,14,1,0.7,14,1,4,10615,3564,0.26,1
67,7,36552,33846,60,613,4,0,0.53,15,0,0,3050,6587,0.93,1
37,0,40592,8596,24,641,3,1,0.6,32,1,1,2181,3547,0.21,1
26,1,70167,4944,36,741,14,1,0.53,49,0,1,3993,1647,0.07,0
29,3,36956,10991,36,557,7,1,0.25,29,1,0,7634,945,0.3,0
26,4,60573,7613,48,474,11,1,0.12,35,0,0,5270,11675,0.13,0
52,2,57857,9043,48,566,11,3,0.29,14,1,3,11083,7608,0.16,0
42,1,52621,19268,60,731,7,1,0.42,19,1,1,10181,1420,0.37,0
40,11,27800,12961,24,518,4,2,0.31,6,0,1,28049,4189,0.47,0
38,4,90661,8121,36,604,12,1,0.01,34,1,1,1162,83,0.09,0
67,2,148797,19017,24,717,7,1,0.46,7,0,3,758,4427,0.13,0
38,4,49237,19932,12,645,11,0,0.11,0,1,1,4530,1042,0.4,0
55,7,29051,10913,24,740,14,0,0.29,81,1,3,1896,35729,0.38,0
48,5,49739,14512,12,487,2,0,0.61,10,1,0,14026,6410,0.29,1
37,4,80412,18256,48,624,1,0,0.36,6,0,1,1364,206,0.23,0
21,2,36040,17251,48,756,12,1,0.51,9,0,0,2541,826,0.48,1
20,2,45961,13689,60,559,2,0,0.4,12,1,2,3298,1932,0.3,0
66,2,58123,31557,24,732,4,0,0.2,19,1,2,40889,1725,0.54,0
24,6,89457,18950,24,631,8,6,0.46,2,0,1,61645,1641,0.21,0
39,1,72237,10194,12,684,3,0,0.34,1,0,0,1249,5341,0.14,0
30,6,73749,10231,48,751,10,1,0.13,10,0,1,352,997,0.14,0
61,10,39611,9558,12,684,6,2,0.1,10,1,0,2468,1669,0.24,0
21,6,59931,19521,48,602,6,0,0.41,3,1,1,4701,9688,0.33,1
22,3,34167,9194,12,694,13,1,0.67,15,0,3,4675,9861,0.27,0
42,0,74814,10353,48,597,9,0,0.19,10,0,2,4442,5300,0.14,0
31,11,87169,25205,12,671,9,1,0.21,0,1,0,13083,1230,0.29,0
39,0,64646,14987,48,549,4,1,0.41,65,0,4,3030,830,0.23,1
24,8,40794,27422,12,652,9,2,0.15,65,1,3,6348,1727,0.67,1
56,7,44273,21565,24,745,13,2,0.7,7,0,1,10653,1865,0.49,0
57,4,120965,6594,60,626,6,2,0.22,5,1,1,6395,1739,0.05,0
49,3,41136,12565,12,737,2,1,0.28,23,1,3,11057,3333,0.31,0
28,0,82867,24196,60,850,10,0,0.23,29,0,2,633,2688,0.29,0
53,6,58072,6416,24,647,14,2,0.49,94,0,1,5638,2567,0.11,0
63,7,41478,17185,24,699,11,1,0.67,14,1,2,6475,1082,0.41,0
54,0,25026,13048,48,688,6,4,0.24,28,0,0,4029,483,0.52,1
41,4,54491,4661,60,668,2,1,0.48,63,1,3,2399,3882,0.09,0
63,5,51305,14354,36,713,8,1,0.15,17,0,1,8547,1932,0.28,0
43,7,120966,8083,48,630,4,1,0.49,3,1,2,5696,2834,0.07,0
36,5,31885,6630,60,596,5,2,0.61,14,0,0,4614,2923,0.21,1
29,0,154412,13433,12,527,8,0,0.57,4,0,0,3314,194,0.09,1
49,2,59243,4194,12,622,14,2,0.37,0,0,1,3473,12012,0.07,1
65,5,59214,8914,24,722,11,1,0.2,41,1,1,1961,971,0.15,0
42,8,36441,61741,36,574,8,0,0.35,8,1,2,2777,8195,1.69,1
51,2,57374,19734,12,669,12,2,0.3,0,0,0,1592,2884,0.34,0
36,13,62101,7872,60,640,14,2,0.28,61,0,0,3088,552,0.13,0
69,0,78328,31023,60,600,12,0,0.38,17,0,1,7609,830,0.4,0
36,2,30056,7367,12,501,6,0,0.34,8,0,2,13143,847,0.25,0
33,4,99051,9583,60,759,4,1,0.46,9,1,0,4621,902,0.1,0
28,4,58730,6705,60,691,1,1,0.46,8,0,0,4471,258,0.11,0
59,0,66443,15578,24,850,12,2,0.34,6,1,3,5841,751,0.23,0
21,6,43893,30369,36,736,7,3,0.41,55,1,0,15994,5240,0.69,0
64,6,30820,7336,24,757,8,2,0.55,5,1,3,3751,5864,0.24,0
44,5,50836,3880,36,510,9,1,0.27,24,1,1,8565,859,0.08,0
58,6,53833,25708,60,508,2,2,0.35,2,0,2,7667,230,0.48,1
28,3,24521,33937,36,653,1,0,0.2,89,0,0,2325,3619,1.38,1
41,0,72885,4035,60,558,4,1,0.42,27,1,2,11476,551,0.06,0
62,2,80681,17606,60,595,13,0,0.38,70,0,0,408,601,0.22,1
65,5,34035,15304,24,850,5,3,0.42,15,0,1,17572,1324,0.45,0
23,5,29398,8329,24,745,10,0,0.2,49,1,0,1172,1194,0.28,0
45,5,42130,5787,48,575,12,1,0.46,57,1,2,4159,758,0.14,1
48,7,49609,24222,12,460,1,2,0.37,36,0,3,13289,837,0.49,0
64,2,42955,14875,48,568,5,1,0.5,2,1,1,2944,1040,0.35,1
53,5,47550,15563,48,605,6,2,0.28,0,0,0,6509,824,0.33,0
42,7,54761,9199,36,624,3,0,0.45,5,1,2,13550,883,0.17,0
56,4,24732,8257,60,547,12,0,0.42,3,0,3,45155,1291,0.33,0
30,0,26195,3062,60,740,7,1,0.58,38,1,2,4826,2666,0.12,0
25,1,12567,11651,60,593,14,1,0.33,24,1,3,6098,2377,0.93,1
37,8,78532,31675,12,701,6,1,0.27,22,0,1,5159,995,0.4,0
40,10,49395,7831,36,654,4,0,0.28,8,1,0,3768,1276,0.16,0
61,9,82778,5359,36,725,3,0,0.18,5,1,0,977,7932,0.06,0
55,5,27753,17350,60,630,5,2,0.27,6,1,2,1280,5352,0.63,1
60,0,49622,19380,48,576,3,3,0.0,15,0,1,4831,3304,0.39,1
57,4,54579,9399,12,602,10,3,0.56,40,1,0,7400,257,0.17,1
53,11,37016,10837,48,603,9,1,0.64,8,1,0,22330,2033,0.29,0
36,7,22545,15651,24,815,9,0,0.33,35,0,1,3821,860,0.69,1
56,4,117352,12169,36,656,6,4,0.42,20,1,0,30773,631,0.1,0
44,7,98680,24344,36,650,13,0,0.37,64,0,0,1158,1217,0.25,1
57,0,40499,57661,48,720,11,1,0.15,7,0,3,6324,5720,1.42,1
31,2,63266,4791,12,649,6,1,0.5,17,0,0,3566,4803,0.08,1
42,0,38468,27941,36,739,12,1,0.53,3,1,0,1017,914,0.73,1
61,6,29801,14230,48,620,14,0,0.19,12,1,2,644,1984,0.48,0
41,7,122226,30727,12,612,4,2,0.4,21,0,3,2917,1137,0.25,0
40,4,21425,20632,48,571,4,1,0.31,39,1,2,3191,1388,0.96,1
46,1,42499,13859,12,798,2,1,0.53,6,0,0,1692,5417,0.33,0
50,4,51131,21078,60,644,10,0,0.34,7,1,3,12258,1686,0.41,1
25,3,111928,10546,12,556,4,3,0.34,29,0,1,3020,261,0.09,1
46,1,76748,8395,24,665,8,1,0.62,14,1,1,1504,2106,0.11,0
59,6,21244,21731,60,597,13,0,0.16,19,1,2,3702,13333,1.02,1
53,1,48953,8049,48,618,10,1,0.39,54,1,2,2304,837,0.16,0
31,0,49539,19641,60,674,2,0,0.36,20,0,1,35467,9930,0.4,0
64,0,43731,13608,60,771,9,1,0.26,31,0,3,3366,3566,0.31,0
26,0,66829,3302,48,658,14,2,0.66,32,0,2,1633,6593,0.05,0
29,5,24232,9465,48,593,1,1,0.4,48,1,3,35388,4736,0.39,0
64,5,39961,16332,24,609,13,0,0.45,30,0,1,11731,2198,0.41,1
36,5,62280,10471,48,702,2,0,0.47,2,1,0,5583,920,0.17,0
45,7,68857,2898,36,493,2,1,0.3,12,0,1,1890,2193,0.04,1
40,9,52823,29508,36,566,11,0,0.54,120,0,0,12330,2336,0.56,0
47,2,42438,14788,24,667,13,3,0.51,6,0,0,848,5264,0.35,1
65,6,46167,17435,12,513,14,2,0.33,26,1,2,11292,152,0.38,0
21,0,70983,10057,12,624,6,0,0.49,55,1,2,6635,375,0.14,0
62,10,49858,18377,36,611,14,3,0.54,26,1,0,16124,2344,0.37,0
20,0,29116,40170,48,720,7,1,0.47,13,1,1,289,2607,1.38,1
55,2,26456,8595,24,629,13,0,0.22,2,0,0,1628,696,0.32,0
45,2,23276,36323,12,744,3,0,0.34,13,1,3,1480,2678,1.56,1
48,0,101497,16968,12,656,11,0,0.42,6,0,0,1284,3813,0.17,1
40,5,73403,7929,60,792,9,1,0.39,97,1,2,8184,1459,0.11,0
30,5,46479,50384,36,539,5,4,0.24,37,0,2,3448,8712,1.08,1
59,4,39069,16898,48,779,5,1,0.31,41,1,1,1727,10700,0.43,0
30,0,36791,20048,24,617,11,0,0.4,17,0,0,1308,2067,0.54,0
55,12,84678,11366,12,767,12,1,0.12,3,0,1,1550,4559,0.13,0
68,7,127034,8285,60,744,4,1,0.35,9,0,2,13890,279,0.07,0
58,15,36217,14774,36,421,9,2,0.45,9,0,2,4536,5888,0.41,1
59,1,86613,34505,36,688,8,0,0.39,20,0,2,13328,9068,0.4,0
54,8,49712,11094,24,729,12,0,0.22,18,1,2,120283,591,0.22,0
53,8,44081,13147,12,756,4,1,0.25,17,1,0,4810,3563,0.3,0
66,3,103995,32009,24,555,4,0,0.57,20,0,0,897,230,0.31,1
43,10,48772,11156,24,697,2,1,0.21,120,0,3,4169,760,0.23,0
41,3,56850,18145,60,665,9,2,0.53,10,0,2,46859,1020,0.32,0
24,3,55499,22615,36,684,3,1,0.26,28,1,2,18107,357,0.41,0
52,0,21746,11871,48,729,4,1,0.52,8,0,2,2263,1391,0.55,1
55,6,56624,16089,36,742,14,0,0.43,18,0,1,3412,1294,0.28,0
66,0,36999,19863,36,597,7,1,0.3,6,0,0,12456,3563,0.54,1
39,2,24086,10503,60,671,10,4,0.09,24,0,2,8738,341,0.44,0
38,0,37851,21795,48,653,8,1,0.41,9,0,3,12617,3589,0.58,0
54,3,37695,9622,12,630,8,1,0.38,1,0,1,3689,758,0.26,0
62,6,82038,8910,48,638,4,0,0.41,50,0,0,7834,443,0.11,0
36,5,28799,5344,12,665,7,2,0.43,4,0,0,3407,1456,0.19,0
64,7,33026,9876,48,601,10,1,0.15,13,0,0,26163,4138,0.3,0
62,10,55143,8190,24,720,1,2,0.41,19,1,1,787,1061,0.15,0
53,3,25263,10503,48,751,6,2,0.46,16,0,4,790,3182,0.42,0
28,3,35259,19287,60,584,6,0,0.46,38,0,2,2084,2457,0.55,1
45,8,21327,4743,12,755,6,0,0.16,27,0,3,2177,56847,0.22,0
21,9,77653,4085,36,584,12,2,0.52,10,1,2,786,1281,0.05,1
28,7,42163,8523,60,721,2,2,0.41,1,1,1,634,1505,0.2,0
28,1,48632,17619,12,755,8,0,0.43,43,1,4,17715,6116,0.36,0
59,6,77497,15887,12,642,14,1,0.22,13,0,1,4022,1708,0.21,0
36,5,34161,8441,36,585,5,1,0.46,66,0,3,3673,2382,0.25,1
20,9,41940,26947,24,602,5,2,0.09,15,0,2,5258,261,0.64,0
