Class,Predictions
0,0.14901424590336979
0,0.0
0,0.19430656143020775
0,0.45690895692240757
0,0.0
0,0.0
0,0.47376384465221744
0,0.23023041874587263
0,0.0
0,0.1627680130757894
0,0.0
0,0.0
0,0.07258868146981023
0,0.0
0,0.0
0,0.0
0,0.0
0,0.09427419977858216
0,0.0
0,0.0
0,0.4396946306764662
0,0.0
0,0.02025846140637715
0,0.0
0,0.0
0,0.03327677691295983
0,0.0
0,0.11270940550370158
0,0.0
0,0.0
0,0.0
0,0.5556834553526813
0,0.0
0,0.0
0,0.2467634736309567
0,0.0
0,0.06265907850142662
0,0.0
0,0.0
0,0.059058370760737056
0,0.22153997399862313
0,0.051410484356991144
0,0.0
0,0.0
0,0.0
0,0.0
0,0.0
0,0.3171366678656747
0,0.10308548687053842
0,0.0
0,0.0972251908184385
0,0.0
0,0.0
0,0.18350288665226036
0,0.3092998567487853
0,0.27938403573485954
0,0.0
0,0.0
0,0.09937902942106919
0,0.29266353813670776
0,0.0
0,0.0
0,0.0
0,0.0
0,0.2437577467182594
0,0.4068720085712469
0,0.0
0,0.30105986936760726
0,0.10849080751429024
0,0.0
0,0.10841868165252418
0,0.46141096993979075
0,0.0
0,0.4693930967442018
0,0.0
0,0.24657075131256714
0,0.026114120471451365
0,0.0
0,0.027528232960650687
0,0.0
0,0.0
0,0.10713377145352392
0,0.4433682134224548
0,0.0
0,0.0
0,0.0
0,0.27462063531062225
0,0.09862533289790533
0,0.0
0,0.1539802299340068
0,0.029123264804412116
0,0.29059349715986676
0,0.0
0,0.0
0,0.0
0,0.0
0,0.08883608311937281
0,0.0783165816539668
0,0.001534036992738267
0,0.0
0,0.0
0,0.0
0,0.0
0,0.0
0,0.0
0,0.12121525704436151
0,0.565855770363159
0,0.05237334384955169
0,0.07726511721682931
0,0.0
0,0.0
0,0.0
0,0.01806906298230793
0,0.7389726337455859
0,0.0
0,0.09046420270008373
0,0.0
0,0.0
0,0.34284684435450613
0,0.22557990980603224
0,0.23730958411291406
0,0.0
0,0.4208382932808297
0,0.0
0,0.1760571281400811
0,0.6571366877429935
0,0.0
0,0.0
0,0.029895409526292365
0,0.0
0,0.0
0,0.020568892441808196
0,0.0
0,0.14207772919055447
0,0.0
0,0.4649803215052618
0,0.0
0,0.0
0,0.24405516521090093
0,0.0
0,0.06823798038123882
0,0.3921428262847284
0,0.0
0,0.05539015755969126
0,0.07796483827452706
0,0.2345468615331931
0,0.0
0,0.0
0,0.15658246968506928
0,0.08909540196995581
0,0.07514785510376296
0,0.1039344628490927
0,0.0
0,0.06967610914830107
0,0.08792174198960437
0,0.0
0,0.559732353343427
0,0.14214987627353626
0,0.0
0,0.19696608259014892
0,0.0
0,0.2361253811227356
0,0.34757867370222123
0,0.0
0,0.28901283877329653
0,0.12383427808094949
0,0.246618047998347
0,0.5690378947961842
0,0.0
0,0.0
0,0.0
0,0.0
0,0.0
0,0.10234559244499317
0,0.08300723979900572
0,0.24815497471080714
0,0.0039005675633721057
0,0.43606022314719506
0,0.0
0,0.8160507499768856
0,0.18770020432950185
0,0.0
0,0.0
0,0.1447417245729556
0,0.0
0,0.2142001482276276
0,0.14197128737206344
0,0.0
0,0.0
0,0.0
0,0.0
0,0.2569196382970417
0,0.06422812323906119
0,0.0
0,0.0519542777553546
0,0.11559521391865103
0,0.0
0,0.04611753178365837
0,0.017462615533799967
0,0.0
0,0.10733620810448498
0,0.1682353579104703
0,0.3249153729525831
0,0.31614061561047085
0,0.0
0,0.0
0,0.15451058016259792
0,0.15413578527366265
0,0.15451430589181436
0,1.0
0,0.17126715320795008
0,0.3406696920541797
0,0.2862005290479607
0,0.1954173753917394
0,0.0
0,0.22769076614798023
0,0.0
0,0.0
0,0.0
0,0.024562241815896765
0,0.6943975700020526
0,0.0
0,0.20587805711235405
0,0.0
0,0.0
0,0.32668517909020983
0,0.01928400572863883
0,0.0
0,0.0
0,0.20387932468040273
0,0.0
0,0.06493757687459245
0,0.013671551971144134
0,0.0
0,0.6431832267975977
0,0.19017570669540337
0,0.0
0,0.055936294430828294
0,0.0
0,0.2557300004388672
0,0.0
0,0.0
0,0.15149618369413714
0,0.2597265582510364
0,0.0
0,0.0
0,0.0
0,0.0
0,0.5296362720843291
0,0.12149451328828666
0,0.0
0,0.2753585841164328
0,0.6366468591037899
0,0.30973957816534403
0,0.0
0,0.0
0,0.3800733447559868
0,0.0
0,0.13314582844386852
0,0.23239021602880103
0,0.0
0,0.0
0,0.0
0,0.0
0,0.0
0,0.0
0,0.48972339117949054
0,0.0
0,0.0
0,0.0392221731858274
0,0.43238198671983463
0,0.0
0,0.3489491256464879
0,0.0030699183058761144
0,0.0
0,0.1386310422789812
0,0.059717908672041006
0,0.0
0,0.020940625497005674
0,0.0
0,0.034055203575374414
0,0.198639202356314
0,0.4758050448436056
0,0.0
0,0.63991001239688
0,0.0
0,0.0
0,0.17649516194537296
0,0.08429756032050979
0,0.0
0,0.0
0,0.0
0,0.0
0,0.2548806291063074
0,0.1071046457895142
0,0.0
0,0.2698799626299752
0,0.0921898562629828
0,0.24385863565168803
0,0.18888865257708368
0,0.0
0,0.0
0,0.22418808153697853
0,0.18311107963003945
0,0.0
0,0.0351982149926346
0,0.3832994687365275
0,0.0
0,0.16412921435101138
0,0.0
0,0.0
0,0.329633055596157
0,0.24762490469640894
0,0.24405289080019155
0,0.3916436421462987
0,0.006301152489827715
0,0.20458589138848918
0,0.0
0,0.09724990574653262
0,0.0
0,0.029098789497815455
0,0.1785471076310741
0,0.0
0,0.627716182705638
0,0.0
0,0.0
0,0.34743326205002034
0,0.23749880818888075
0,0.18723594511564653
0,0.18850365277928396
0,0.0
0,0.0
0,0.0227413674581179
0,0.0
0,0.29253592002532536
0,0.0
0,0.0
0,0.0
0,0.1238794362826873
0,0.0
0,0.0
0,0.07310616344757369
0,0.07348997133261682
0,0.0
0,0.0
0,0.06961498120729089
0,0.0
0,0.0
0,0.0
0,0.0
0,0.09327226967940137
0,0.4426068650848656
0,0.2572978869606058
0,0.0
0,0.0
0,0.0
0,0.0
0,0.0
0,0.09681556810142684
0,0.0
0,0.1558039542723517
0,0.4598216739007733
0,0.0
0,0.12051351662968243
0,0.20704319751333375
0,0.0
0,0.06722774454312502
0,0.0037777202345384577
0,0.029302829564649514
0,0.0
0,0.007353052277682814
0,0.14939948737363493
0,0.4353430823385125
0,0.287781247825562
0,0.6459547372534669
0,0.0
0,0.26169619101620345
0,0.05500260172150552
0,0.6569408799653017
0,0.0
0,0.0
0,0.0
0,0.0
0,0.0
0,0.0
0,0.045118135942862285
0,0.10252679273314783
0,0.5628512517647658
0,0.2851271514558151
0,0.0
0,0.0
0,0.1475757514519517
0,0.0
0,0.5494376297563061
0,0.3538320362163861
0,0.0
0,0.0
0,0.40616171224962383
0,0.0
0,0.37134489359203854
0,0.0
0,0.0
0,0.0015731099154549497
0,0.014094178129422616
0,0.0
0,0.1868549797042496
0,0.0
0,0.0
0,0.03608868951356966
0,0.1543316502176247
0,0.21348446342666694
0,0.0
0,0.0
0,0.3833030465695527
0,0.0996942035938775
0,0.0
0,0.46534559265675685
0,0.0347023902878576
0,0.35378915521914794
0,0.020255544423032686
0,0.6182243774645961
0,0.5266022527329614
0,0.0
0,0.2914712852863066
0,0.19361278487554426
0,0.4105894672597046
0,0.0
0,0.20581543799953178
0,0.3175273460548763
0,0.0
0,0.0
0,0.0
0,0.0
0,0.21526267673878868
0,0.4507071156288084
0,0.022228434125932554
0,0.48858466367138753
0,0.0
0,0.0
0,0.0
0,0.11521963468179218
0,0.0
0,0.0
0,0.0
0,0.0
0,0.20090176464901152
0,0.10997947382905447
0,0.0
0,0.0
0,0.0
0,0.0
0,0.2865426961503715
0,0.0
0,0.1512139546553533
0,0.0
0,0.0
0,0.0
0,0.0
0,0.0
0,0.0
0,0.5894175398749167
0,0.010579065591518583
0,0.0
0,0.0641939732202666
0,0.0
0,0.0
0,0.18425001001302757
0,0.22725231301419152
0,0.0
0,0.0
0,0.0
0,0.0
0,0.0
0,0.4100622802333574
0,0.49349031405038507
0,0.0
0,0.17296708891672993
0,0.09337504636306083
0,0.9236642425365713
0,0.335872473430373
0,0.0
0,0.0
0,0.0
0,0.06103909076016693
0,0.0
0,0.0
0,0.0
0,0.0
0,0.5061424905217694
0,0.26449192708483515
0,0.0
0,0.44398324166700776
0,0.02321049229428549
0,0.0
0,0.45693722318089713
0,0.16167301310539758
0,0.0
0,0.0
0,0.0
0,0.0
0,0.2778532642594924
0,0.5728249921410391
0,0.0
0,0.16889077100717126
0,0.0
0,0.0
0,0.0
0,0.0
0,0.014556488383448097
0,0.0
0,0.08113704773395164
0,0.0
0,0.0
0,0.0
0,0.0
0,0.22661736774772678
0,0.15027515628731422
0,0.0
0,0.02979969162876776
0,0.2254161370115367
0,0.0
0,0.1630080577139805
0,0.0
0,0.1711796005779478
0,0.0
0,0.0
0,0.0
0,0.014425483998414597
0,0.07791675051644456
0,0.0
0,0.19157773763321218
0,0.0
0,0.0
0,0.0
0,0.0
0,0.014219601394924205
0,0.0
0,0.0
0,0.30188784276433217
0,0.0
0,0.2507076336195425
1,0.4610879436027146
0,0.15894125337458484
0,0.4324705861973701
0,0.0
0,0.0
0,0.173121638154162
0,0.0
0,0.11134376201139265
0,0.0
0,0.025976936241869975
0,0.0
0,0.3503346184979422
0,0.07632625299036393
0,0.10128079862256065
0,0.0
0,0.0
0,0.0
0,0.11833564271348905
0,0.0
0,0.08693245706892387
0,0.6226202395936317
0,0.2613374110295077
0,0.0
0,0.36036417664918347
0,0.0
0,0.0
0,0.0
0,0.0
0,0.0
0,0.00552551375686551
0,0.5029311936825848
0,0.09807821212924879
0,0.0
0,0.24882167435504673
0,0.0
0,0.07068436743256978
0,0.23125955816609003
0,0.0
0,0.34312621296207874
0,0.10154892224832424
0,0.0
0,0.18983455983188544
0,0.6812078573413187
0,0.054559876517548546
0,0.07446617589010082
0,0.0
0,0.0
0,0.24910074496327367
0,0.0
0,0.02146987116581774
0,0.0
0,0.14369394772391755
0,0.10009863158608448
0,0.31126198327736976
0,0.0
0,0.0
0,0.0
0,0.0
0,0.11319014791345565
0,0.22709658499360555
0,0.0
0,0.26088177603169804
0,0.4066913576414853
0,0.12403047096711026
0,0.5630387437674198
0,0.0
0,0.0
0,0.0
0,0.4488132934467549
0,0.19630969690621733
0,0.0
0,0.08399058789594609
0,0.0
0,0.7337255938850479
0,0.03876635459256825
0,0.03281843838146786
0,0.2177299871696076
0,0.14430276952101395
0,0.06716520728373941
0,0.0
0,0.1414405071407987
0,0.5646073489425101
1,1.0
0,0.4779559879918191
0,0.0
0,0.0
0,0.0
0,0.01671747368660838
0,0.32825745554128455
0,0.0
0,0.4588650958381841
0,0.0
0,0.0
0,0.0
0,0.0
0,0.24695117518857435
0,0.021995390156521164
0,0.0
0,0.0
0,0.0
0,0.5007064575868179
0,0.0
0,0.0
0,0.0
0,0.0
0,0.0
0,0.0
0,0.0
0,0.2088619094440255
0,0.5546868284836035
0,0.3379695088643272
0,0.0
0,0.0
0,0.7720079409749581
0,0.017765530204346475
0,0.00417878757388386
0,0.0
0,0.05942542823035648
0,0.0
0,0.0
0,0.0
0,0.0
0,0.0
0,0.0
0,0.03192906830756905
0,0.0
0,0.4511978965748066
0,0.0
0,0.3274520555767385
0,0.3738255577492887
0,0.0
0,0.0
0,0.0
0,0.0
0,0.0
0,0.0
0,0.5256811330270867
0,0.2807035179442383
0,0.38146652849824764
0,0.21650161921297054
0,0.0
0,0.0
0,0.1468123683683754
0,0.0
0,0.2138995290517164
0,0.0
0,0.0
0,0.21328799046104743
0,0.13327899344581193
0,0.0
0,0.3477989410092744
0,0.0
0,0.1847806820832791
0,0.17793037739051512
0,0.0
0,0.0978399066726354
0,0.0
0,0.2772081057620703
0,0.0
0,0.0
0,0.31470276775106676
0,0.0
0,0.0
0,0.0
0,0.18180298540369189
0,0.0
0,0.5264382545953094
0,0.0
0,0.5089369104870114
0,0.06330524016078552
0,0.0
0,0.0
0,0.11974083430562125
0,0.0
0,0.3309905646049564
0,0.034268294598611894
0,0.04509052843856328
0,0.0
0,0.0
0,0.09234053066761776
0,0.0
0,0.0
0,0.22297922820681448
0,0.05125963143838256
0,0.0
0,0.005530179919617947
0,0.1042745116085013
0,0.0
0,0.0
0,0.05875357652930446
0,0.0
0,0.12247582671434154
0,0.0
0,0.3087466911976931
0,0.1417792447239129
0,0.0768089202941627
0,0.29480729518365417
0,0.49964233333877295
0,0.3043110195054391
0,0.0
0,0.0
0,0.0
0,0.007827315063250136
0,0.1552977061407369
0,0.0
0,0.0560300293431235
0,0.0
0,0.0
0,0.0
0,0.0
0,0.0
0,0.0
0,0.31609253898235184
0,0.0
0,0.7897146194512172
0,0.14799537026426676
0,0.055450837108462166
0,0.0
0,0.2100929638226974
0,0.0
0,0.03660294439360843
0,0.7680253614806384
0,0.0
0,0.34478199788570274
0,0.0
0,0.0
0,0.531240190690653
0,0.0
0,0.5437345673990785
0,0.2123255806366426
0,0.0
0,0.1897223217166563
0,0.29176633488801895
0,0.18654298866515892
0,0.0
0,0.0
0,0.0
0,0.0
0,0.1862016292652034
0,0.05331030027997615
0,0.0
0,0.11405935530178896
0,0.18317572358514694
0,0.16793713437931193
0,0.32423421766638655
0,0.2501766463646712
0,0.137754023768531
0,0.0
0,0.0
0,0.12888546573977575
0,0.062306306148933344
0,0.08147365115861203
0,0.0
0,0.0
0,0.3159458559998711
0,0.0
0,0.20445020921178733
0,0.008495512839138351
0,0.008926841848723556
0,0.2814851417927993
0,0.0
0,0.028836233082295007
0,0.0
0,0.0
0,0.0
0,0.06664013149011384
0,0.0
0,0.3767268376720562
0,0.0
0,0.0
0,0.0
0,0.43409336530611986
0,0.058966432953472384
0,0.30955336184059046
0,0.0
0,0.08011507976077765
0,0.2668892386870311
0,0.024685196782627254
0,0.31964411251960534
0,0.0
0,0.42280423205567397
0,0.6896694370857751
0,0.0
0,0.0
0,0.43601534313531026
0,0.4738716437192137
0,0.0
0,0.0
0,0.0
0,0.0
0,0.0
0,0.0
0,0.0
0,0.0
0,0.07026441976095622
0,0.46515014784422304
0,0.0
0,0.2952967195429751
0,0.0
0,0.0
0,0.2024458476499811
0,0.0
0,0.11472292385521518
0,0.04993566246391683
0,0.14773537920244473
0,0.08675059317234543
0,0.7365900419732683
0,0.0
0,0.0
0,0.0
0,0.0
0,0.0
0,0.35670495933226554
0,0.42615127439695644
0,0.0
0,0.0
0,0.14142466691592123
0,0.0
0,0.18987954532665322
0,0.06087690625538991
0,0.0
0,0.4642515603990185
0,0.5387633019286565
0,0.0
0,0.0
0,0.08575961721747148
0,0.10033703699610749
0,0.19756328180184912
0,0.6030613616299049
0,0.0
0,0.0
0,0.0
0,0.0
0,0.0
0,0.5383673590553363
0,0.0
0,0.06713638549166955
0,0.0
0,0.3565179820344252
0,0.7580797277620864
0,0.0
0,0.0
0,0.31324826312072157
0,0.2045674468878934
0,0.55401219772081
0,0.17517845559778916
0,0.0
0,0.17719644920769279
0,0.3326110741748723
0,0.2461446543592092
0,0.15218220933218932
0,0.32000240687674614
0,0.3507886771337018
0,0.4146476973112581
0,0.19461296627689278
0,0.0
0,0.04401410592999685
0,0.361952689952507
0,0.0
0,0.11060199266187035
0,0.0
0,0.008623446880445246
0,0.3835355587821896
0,0.057329720405971
0,0.013930964446844643
0,0.0
0,0.2238760698081662
0,0.19364525434232263
0,0.648976416991638
0,0.0
0,0.06574509829918168
0,0.07481510511322657
0,0.4732359839290423
0,0.0
0,0.08370645773110176
0,0.18236895291496175
0,0.05598273694690743
0,0.0
0,0.05822699786949227
0,0.3220895249579316
0,0.0
0,0.0398909022440628
0,0.0
0,0.3585139886774527
0,0.0
0,0.0
0,0.11316356251935625
0,0.4696572087703021
0,0.0
0,0.0
0,0.564347120832177
0,0.0
0,0.0
0,0.1320043350159997
0,0.0
0,0.0
0,0.21250693418980598
0,0.07314021413135964
0,0.0
0,0.0
0,0.26173719848404337
0,0.19506035338759828
0,0.0
0,0.5539910988142998
0,0.0
0,0.0
0,0.0
0,0.0
0,0.07300183479680755
0,0.0
0,0.10561661895428903
0,0.0
0,0.4331293812219778
0,0.0
0,0.3351887494764383
0,0.10281760391331124
0,0.13702596574613518
0,0.17093018406966118
0,0.13431256800519448
0,0.19281682796026317
0,0.3987457590397294
0,0.05895635091044103
0,0.2127011272765537
0,0.0
0,0.4320351646348418
0,0.0
0,0.5402821298732446
0,0.0
0,0.0
0,0.03843132447323678
0,0.0
0,0.25219306469661723
0,0.0
0,0.0
0,0.0
0,0.0
0,0.0
0,0.0
0,0.2281243968432892
0,0.23574004759524964
0,0.12763726853548943
0,0.0
0,0.0
0,0.0
0,0.0
0,0.4510194905301452
0,0.2632086871727014
0,0.0
0,0.008065751698359233
0,0.06251484238426575
0,0.0
0,0.0
0,0.0
0,0.0
0,0.0
0,0.5393059580548567
0,0.19225285838010295
0,0.0
0,0.17177483440684757
0,0.4198066309758006
0,0.27739010487383065
0,0.01788911097605224
0,0.0
0,0.20946699408407696
0,0.11804561562652488
0,0.26855796600831966
0,0.19055154050459086
0,0.31486581459580054
0,0.0
0,0.3952182196902977
0,0.05927988140771989
0,0.6225782617875796
0,0.0
0,0.5207891409495747
0,0.05937323503879433
0,0.0
0,0.0
0,0.0
0,0.12724978392057493
0,0.15685064641064989
0,0.0
0,0.0
0,0.6426811075835591
0,0.5182629510302134
0,0.13089710090220963
0,0.011401043450460085
0,0.03600939801547839
0,0.18405539181912497
0,0.0
0,0.0
0,0.0
0,0.11976693678158377
0,0.1941587819108223
0,0.0
0,0.47219602898700985
0,0.0
0,0.0
0,0.06733554556799161
0,0.3141294907836463
0,0.5051783074373606
0,0.0
0,0.3236042500293887
0,0.0
0,0.0
0,0.2650979812460017
0,0.19569686352402588
0,0.0
0,0.4429621049177687
0,0.41402740624423545
0,0.0
0,0.1187410600312227
0,0.14820905588482164
0,0.07820212974717212
0,0.0
0,0.0
0,0.0
0,0.3518187057778094
0,0.1630800463783297
0,0.0
0,0.23150961319450342
0,0.0
0,0.344629710111631
0,0.0
0,0.0
0,0.0
0,0.0
0,0.3482480362135558
0,0.0
0,0.10395116451921473
0,0.0
0,0.14311224816693643
0,0.023046567318076607
0,0.0
0,0.298880045834142
0,0.0
0,0.0
0,0.0
0,0.45022793719029325
0,0.25506652263404783
0,0.0
0,0.0
0,0.0
0,0.6230243950682522
0,0.114580635669466
0,0.12901249415732088
0,0.30908503620955263
0,0.07163674770795406
0,0.0
0,0.0
0,0.0
0,0.0
0,0.21828886309109394
0,0.01558376574218983
0,0.21979202316467375
0,0.0
0,0.023590557094827175
0,0.0
0,0.2748983024107444
0,0.10394654276939781
0,0.29940303295789567
0,0.0
0,0.6265124114342182
0,0.0
0,0.33245484502125494
0,0.0
0,0.1838321715187709
0,0.0
0,0.0
0,0.5742094061600358
0,0.0
0,0.06522986195391686
0,0.2610203192066263
0,0.1487045663917814
0,0.045125671543072926
0,0.10948830073986762
0,0.7210246755714825
0,0.0
0,0.06032971401449025
0,0.3151963188022836
0,0.33165777988739514
0,0.35610909166811405
0,0.19161906660875538
0,0.0
0,0.49002945969032874
0,0.0
0,0.09079063957170996
0,0.0
0,0.0
0,0.09862872309104412
0,0.09640716463508192
0,0.12657622627058543
0,0.4841133807175941
0,0.13606029045419393
0,0.0
0,0.2892261504865072
0,0.35684114667739214
0,0.0
0,0.1792200209549574
0,0.2103518226932695
0,0.0
0,0.4127120439934858
0,0.0
0,0.03767293604146268
0,0.0
0,0.00467371427444026
0,0.0
0,0.0
0,0.4783515189674916
0,0.0
0,0.0
0,0.0
0,0.0
0,0.0
0,0.4926045480409107
0,0.30294512680279023
0,0.0
0,0.6757307416032926
0,0.2945296460974783
0,0.0
0,0.0
0,0.6872827717772225
0,0.0
0,0.0
0,0.30677112960289205
0,0.7319257219017818
0,0.41528184555315545
0,0.16917273601570787
0,0.17842630249958577
0,0.2560246676340923
0,0.22767857693602953
0,0.08435742719081274
0,0.03126033118556282
0,0.0
0,0.0
0,0.0
0,0.0
0,0.0
0,0.0
0,0.0
0,0.05396824534604353
0,0.4176006859033798
0,0.27549498180069387
0,0.0
0,0.0
0,0.28223135639646474
0,0.0
0,0.0
0,0.16501562970736555
0,0.0
0,0.03161265184378797
0,0.0
0,0.0
0,0.0959345802427611
0,0.0
0,0.13214242138811969
0,0.0
0,0.1657469863251443
0,0.06717424021939843
0,0.40924212899215323
0,0.03756735079437218
0,0.0
0,0.03668925090968513
0,0.16298940871091636
0,0.014658021097711298
0,0.012177507361164715
0,0.0
0,0.0
0,0.0
0,0.5248730229560817
0,0.0
0,0.0
0,0.0
0,0.2684773130833324
0,0.0
0,0.3743226218021201
0,0.0
0,0.08369824866714058
0,0.0
0,0.6435447383320164
0,0.0
0,0.09294621306810825
0,0.19013306427962953
0,0.12413972923544947
0,0.0
0,0.0
0,0.01314344159373288
0,0.0
0,0.28916373503847287
0,0.6631569004774054
0,0.0
0,0.0
0,0.0
0,0.7739128012962956
0,0.0
0,0.49173504163322024
0,0.5033102442229321
0,0.0
0,0.1706949237555826
0,0.4885189869385614
0,0.0
0,0.0
0,0.0
0,0.0
0,0.0
0,0.0
0,0.010225040477767821
0,0.0
0,0.0701357735372243
0,0.0
0,0.09926406966433711
0,0.25005868848267737
0,0.0
0,0.11221697095427163
0,0.36830069774198765
0,0.0
0,0.501771716051311
0,0.12570570280981355
0,0.0
0,0.0
0,0.1674980737565167
0,0.02280161742372345
0,0.16162679773391075
0,0.0
0,0.050808247210823394
0,0.0
0,0.0
0,0.0
0,0.0
0,0.3708279525631312
0,0.3273930361782807
0,0.18274143627215308
0,0.0
0,0.0
0,0.363929309993755
0,0.04251507409197142
0,0.6957988619945082
0,0.11799535181831156
0,0.05761473494700947
0,0.0
0,0.040062271434684694
0,0.0
0,0.21243260300657713
0,0.28701069503837523
0,0.0
0,0.0
0,0.0
0,0.1523973980737631
0,0.0
0,0.0
0,0.11657358135928922
0,0.7478998552298372
0,0.0
0,0.25154723233549253
0,0.0245488075642695
0,0.0
0,0.27572294489633054
0,0.0
0,0.08021769422157088
0,0.09650934185880408
0,0.0
0,0.2976127048609568
0,0.0
0,0.0
0,0.16095295307112106
0,0.0
0,0.008454347210738474
0,0.0
0,0.32576866974947344
0,0.14240946986398584
0,0.0
0,0.24532988976008613
0,0.417062264705194
0,0.16734309190555866
0,0.003105785953014182
0,0.0
0,0.0
0,0.0
0,0.0
0,0.0
0,0.016994977469132148
0,0.15890782630701925
0,0.0
0,0.14595049314786057
0,0.01934232444303607
0,0.0
0,0.0
0,0.0
0,0.0
0,0.17997861899886133
0,0.4592252497031092
0,0.365628555509195
0,0.0
0,0.4472178410549856
0,0.044600237160633466
0,0.0
0,0.0
0,0.0
0,0.0
0,0.05112486671264631
0,0.04817219431495937
0,0.0009138060460243408
0,0.13108145092390494
0,0.3571938824359024
0,0.2848662406323971
0,0.0
0,0.0
0,0.2802959733717821
0,0.0
0,0.0
0,0.0
0,0.0
0,0.1624388184614364
0,0.22774654809079403
0,0.0
0,0.0
0,0.0
0,0.11754120162076395
0,0.0
0,0.05500797593374669
0,0.0
0,0.17378744988032652
0,0.035874110524245974
0,0.0
0,0.35897145049934737
0,0.0
0,0.0
0,0.0
0,0.0
0,0.0
0,0.0
0,0.513512544042703
0,0.0
0,0.0
0,0.44135109824808255
0,0.0
0,0.0
0,0.3119714062188229
0,0.0
0,0.5478029140640809
0,0.2033777614017807
0,0.0
0,0.647192463979651
0,0.0
0,0.2226286116027921
0,0.08978777412194758
0,0.3905223868196394
0,0.4684533590180558
0,0.009601244719729988
0,0.0
0,0.13799164288173493
0,0.0
0,0.6040161742579869
0,0.04096059932482123
0,0.0
0,0.05540409175947252
0,0.0
0,0.0
0,0.3601241723833276
0,0.0
0,0.0
0,0.16099582575818586
0,0.35571124639889906
0,0.21568599319952
0,0.2988143057417449
0,0.0
0,0.0
0,0.450400095586646
0,0.0
0,0.0
0,0.39845824255471735
0,0.16686900282019798
0,0.1367663316244823
0,0.6495007034703252
0,0.0
0,0.2783520384243711
0,0.01710393746912535
0,0.08057768365897708
0,0.4585405279237595
0,0.1523507268868871
0,0.16148882371488987
0,0.3217522011929406
0,0.0
0,0.0
0,0.0
0,0.0
0,0.6168621389820966
0,0.0
0,0.0
0,0.0
0,0.09222200934273021
0,0.244721163761789
0,0.2581420465079236
0,0.0
0,0.0
0,0.08477398514648989
0,0.0
0,0.48220367280599774
0,0.1472924854914754
0,0.22046333581494523
0,0.1988643806002238
0,0.35204215724559745
0,0.05430646761111208
0,0.0
0,0.11990638552579247
0,0.0
0,0.0
0,0.17590920562652798
0,0.3714849214300907
0,0.006381473020818495
0,0.09264990377968914
0,0.5106644833905714
0,0.07222595384657048
0,0.7805049342541185
0,0.16965289368946324
0,0.0
0,0.22600248633135975
0,0.11434751546483332
0,0.3869258262248237
0,0.2019544053809875
0,0.0
0,0.0
0,0.0
0,0.0
0,0.0
0,0.17657352132618287
0,0.5009713513054218
0,0.11840145894689433
0,0.0
0,0.1333808004660422
0,0.3589894459936953
0,0.0
0,0.0
0,0.0044064584187591275
0,0.0
0,0.1944841301531577
0,0.0
0,0.12585973317210833
0,0.0
0,0.0
0,0.2167144073483314
0,0.0
0,0.5180891553700215
0,0.0
0,0.06740541772556577
0,0.27977724956192696
0,0.0
0,0.0
0,0.0
0,0.37877523102815464
0,0.0
0,0.7674597857004757
0,0.0
0,0.05536539095911109
0,0.46263298577036266
0,0.6018278664477369
0,0.6184510729909193
0,0.3625098691779427
0,0.3072187577434387
0,0.17775808476035493
0,0.23350832284999132
0,0.0
0,0.0
0,0.0
0,0.0
0,0.0
0,0.20891623423701458
0,0.2865915625711532
0,0.026522065887554205
0,0.44325902431657854
0,0.0
0,0.0
0,0.0
0,0.0
0,0.0
0,0.0
0,0.45403492297263925
0,0.18924350536643325
0,0.0
0,0.5562277699002565
0,0.3663101086576059
0,0.17462931104058474
0,0.0
0,0.0
0,0.0
0,0.3266245859112558
0,0.5653758917803827
0,0.4629730584816567
0,0.0
0,0.0
0,0.04226587407336118
0,0.0
0,0.09695031425543443
0,0.0
0,0.0
0,0.0
0,0.15408003197091497
0,0.0
0,0.0
0,0.0
0,0.0
0,0.5316754790009232
0,0.498377764364361
0,0.0
0,0.0
0,0.14063227682250712
0,0.0
0,0.0905375699458398
0,0.22982408351540706
0,0.3680799671652923
0,0.0
0,0.0
0,0.0
0,0.0
0,0.0
0,0.11020965204485342
0,0.2740753878699748
0,0.0
0,0.4478065706878565
0,0.0
0,0.0
0,0.0
0,0.0
0,0.2652136189083149
0,0.22105316912773001
0,0.0
0,0.020097215167461574
0,0.15478176531122984
0,0.0
0,0.0
0,0.2382794038865481
0,0.0
0,0.08806737964998879
0,0.0
0,0.1399289947300579
0,0.0
0,0.0
0,0.3494218063371514
0,0.0
0,0.0
0,0.060170759169282856
0,0.34459120482861455
0,0.0
0,0.018503954954391496
0,0.12864495009917187
0,0.20793168217894323
0,0.05293246658316755
0,0.0
0,0.0
0,0.025843164913912427
0,0.0
0,0.0
0,0.13096794124730035
0,0.2711804523258586
0,0.0
0,0.0
0,0.18574627830155932
0,0.6172486409135096
0,0.006238112302622368
0,0.0
0,0.0
0,0.4124629257444554
0,0.0
0,0.0
0,0.0
0,0.0
0,0.036801094798438655
0,0.4874035375408682
0,0.09692378193480872
0,0.0
0,0.0
0,0.0
0,0.2649329331441477
0,0.0
0,0.0
0,0.9579322703534582
0,0.08962587250970587
0,0.0
0,0.0
0,0.34453371275902644
0,0.033981123161329334
0,0.0
0,0.275768680372561
0,0.0
0,0.5619893328652636
0,0.32401441971439454
0,0.0
0,0.38430490852053384
0,0.020356653158220987
0,0.25583210253666583
0,0.14541984518834242
0,0.0
0,0.0
0,0.30898824527434837
0,0.0
0,0.0
0,0.0
0,0.1270797196780383
0,0.6187574757729435
0,0.0
0,0.00726583700182742
0,0.42366616662462875
0,0.0
0,0.13571153887492016
0,0.0
0,0.12849212916229458
0,0.0
0,0.2957189987039589
0,0.3562158154694253
0,0.7768690926055841
0,0.1738899519640727
0,0.09773889497464994
0,0.058315290473200804
0,0.0
0,0.10154515303850734
0,0.0
0,0.05053829288088429
0,0.3952792606823879
0,0.0
0,0.3419635683387136
0,0.39513452020195955
0,0.0
0,0.0
0,0.0
0,0.38909836396833275
0,0.0
0,0.0
0,0.0
0,0.2521860079513659
0,0.16402007046041378
0,0.0
0,0.0
0,0.0
0,0.0
0,0.4846127068408325
0,0.0
0,0.36514755624764894
0,0.4563948155767354
0,0.2994932694443881
0,0.0
0,0.12111902710098282
0,0.0
0,0.0
0,0.0973077845164809
0,0.0
0,0.3563038165384691
0,0.0
0,0.06034789676185179
0,0.08498636146384264
0,0.0
0,0.17600814044258242
0,0.0
0,0.26138918923717325
0,0.0
0,0.037913873863923545
0,0.5816786997174854
0,0.0
0,0.0
0,0.1541723548976745
0,0.05387453458187939
0,0.10518902978206776
0,0.14675613904429904
0,0.19041644056853096
0,0.33290995258686695
0,0.12294559707855376
0,0.0
0,0.20177211036081938
0,0.5699645804685647
0,0.0
0,0.0
0,0.33212420078609184
0,0.0
0,0.0
0,0.25422650314512646
0,0.0
0,0.0
0,0.09959409917070436
0,0.057149903933719916
0,0.21283554514171185
0,0.0
0,0.15393173945282482
0,0.0
0,0.2216431442662509
0,0.18461024520391603
0,0.0
0,0.32579463485250965
0,0.0
0,0.24241733948434352
0,0.11018619402040218
0,0.5514551030385367
0,0.0
0,0.0
0,0.0
0,0.0
0,0.23998257058261502
0,0.0
0,0.0
0,0.0
0,0.28509227759207273
0,0.5131840117745775
0,0.0
0,0.0
0,0.021015648933954415
0,0.34856349078245713
0,0.0
0,0.07151069482043554
0,0.29255928893472893
0,0.15032825098195357
0,0.05687448497962302
0,0.3003138277701423
0,0.0
0,0.20336259585927227
0,0.0
0,0.0
0,0.15336077985749422
0,0.4120975635488873
0,0.0
0,0.2858623641608816
0,0.4836834773965936
0,0.3944743360752142
0,0.49198935881141787
0,0.22263824732156767
0,0.022630091670477838
0,0.0
0,0.0
0,0.0
0,0.6512828152493441
0,0.0
0,0.0369614420353457
0,0.16544561281214026
0,0.013080733911736116
0,0.5085153121292258
0,0.0
0,0.05838223657117281
0,0.0
0,0.0
0,0.0
0,0.0
0,0.0
0,0.0
0,0.0
0,0.0
0,0.0
0,0.22801678910688078
0,0.024731925880350985
0,0.0
0,0.0
0,0.0
0,0.09575235312575413
0,0.4021351338069434
0,0.0
0,0.03450782374422515
0,0.0
0,0.2014020229351397
0,0.06395898847130674
0,0.0
0,0.0
0,0.0
0,0.3228021415795795
0,0.006393494601582666
0,0.5703572057259022
0,0.0
0,0.0
0,0.0
0,0.0
0,0.0
0,0.08013799530344502
0,0.15261750696898016
0,0.0
0,0.2685114942228346
0,0.0
0,0.044037903595664805
0,0.4836661884766273
0,0.26905179475965957
0,0.0
0,0.0
0,0.0
0,0.0
0,0.0
0,0.0
0,0.0
0,0.023055564887630463
0,0.0
0,0.0
0,0.050596401590018304
0,0.1325821948708227
0,0.0
0,0.42327971392388103
0,0.0
0,0.005654886883454298
0,0.21246432697696713
0,0.0699648393790505
0,0.2859409901739735
0,0.08613724956054726
0,0.0
0,0.10845105756183049
0,0.0
0,0.03256791173295694
0,0.0
0,0.0
0,0.0
0,0.0
0,0.0
0,0.027853470342334413
0,0.04795691759922011
0,0.0
0,0.3797123522594102
0,0.0
0,0.290837160158021
0,0.12815830856150545
0,0.0
0,0.5325932677828535
0,0.0
0,0.27574625208300046
0,0.3001746954128935
0,0.0
0,0.4177395900192986
0,0.0
0,0.08660808878395711
0,0.07809655163136621
0,0.0
0,0.24324248194793463
0,0.2380466161656639
0,0.0
0,0.39130207286344576
0,0.0
0,0.30976386130249717
0,0.33801154104827497
0,0.0
0,0.0
0,0.0
0,0.0
0,0.0
0,0.23389815968080194
0,0.3930926238358825
0,0.4187051432369868
0,0.0
0,0.0
0,0.0
0,0.0
0,0.28945548992923725
0,0.4846748470644695
0,0.0
0,0.0
0,0.0
0,0.08404834764588204
0,0.0
0,0.1272183133392269
0,0.0
0,0.0
0,0.16388527440110986
0,0.0019266809432813448
0,0.0
0,0.0
0,0.0
0,0.0
0,0.0
0,0.47959415115141507
0,0.16827583438237162
0,0.0
0,0.2090863213532207
0,0.0
0,0.3519373912759924
0,0.11089265765942817
0,0.0
0,0.13431507774308327
0,0.0
0,0.0
0,0.0
0,0.042882928429112024
0,0.5197544998455276
0,0.6693900438577897
0,0.19141533043222714
0,0.15025334248333708
0,0.0
0,0.0
0,0.0
0,0.0
0,0.0
0,0.0
0,0.0
0,0.22437307683526014
0,0.0
0,0.07177405923334486
0,0.622224800924992
0,0.0
0,0.0
0,0.0
0,0.3302878904995713
0,0.5875042362661781
0,0.0
0,0.1490097669709565
0,0.0
0,0.0
0,0.7933030041051105
0,0.0
0,0.07612189844837203
0,0.14030795152962994
0,0.32573589748180415
0,0.02939494604126863
0,0.09241516185123069
0,0.0
0,0.0807380823735322
0,0.0
0,0.18647156695681524
0,0.0
0,0.11313011817065594
0,0.0
0,0.33781507523165044
0,0.0
0,0.0
0,0.3785764502141975
0,0.0
0,0.0
0,0.0
0,0.41233142795124517
0,0.0
0,0.941324560097998
0,0.31681704271981553
0,0.06697167423874789
0,0.0
0,0.08566622245729708
0,0.15633672851380148
0,0.1935646757850171
0,0.16668133980103453
0,0.026874204376574645
0,0.0
0,0.0
0,0.0
0,0.3401310290601193
0,0.17806701668425856
0,0.0
0,0.1967702329589283
0,0.05842085841563245
0,0.0
0,0.0
0,0.33723381599580404
0,0.28425793863685733
0,0.0
0,0.12211568613736053
0,0.0
0,0.0
0,0.0
0,0.2587180417148276
0,0.285937513612826
0,0.15392562602918788
0,0.21752873605439912
0,0.15485348613448752
0,0.0
0,0.1295767634021822
0,0.24012285756830468
0,0.22628739894407227
0,0.35667401144239286
0,0.21249115416031913
0,0.10543446226247487
0,0.3210450714949282
0,0.0
0,0.0
0,0.0
0,0.0
0,0.0
0,0.0
0,0.0
0,0.0
0,0.0
0,0.06398811221188157
0,0.00036164260866727106
0,0.0
0,0.1977737005297215
0,0.2812710412879675
0,0.0
0,0.0
0,0.0
0,0.0
0,0.24884245257952453
0,0.0
0,0.0
0,0.0
0,0.1906254090627679
0,0.0
0,0.017979789079898476
0,0.0832130813874575
0,0.4081975787515953
0,0.0
0,0.0
0,0.05515486342610846
0,0.5401533544532561
0,0.3716839058818312
0,0.06289782458238773
0,0.0
0,0.2421367789911931
0,0.0
0,0.14290733080686577
0,0.15164104774998804
0,0.3180629722496639
0,0.8278980116733233
0,0.1177247901536301
0,0.0
0,0.0
0,0.0
0,0.0
0,0.0
0,0.0
0,0.0457064616101166
0,0.0
0,0.3363092001973414
0,6.211947545912816e-05
0,0.0
0,0.0
0,0.04655720515769374
0,0.2475294794002904
0,0.0
0,0.0
0,0.0
0,0.0
0,0.0
0,0.0
0,0.2623167542138182
0,0.07876839870057749
0,0.058076973410263306
0,0.25526938865039167
0,0.0
0,0.11713945497866687
0,0.0
0,0.07960870481988853
0,0.0
0,0.0
0,0.0
0,0.426824440829982
0,0.2778646206724777
0,0.2896192453773512
0,0.37083921654186536
0,0.02659727728843123
0,0.05919471222167867
0,0.0
0,0.0
0,0.18473134493134247
0,0.36116533115064486
0,0.0
0,0.0
0,0.00015838765697918784
0,0.18036202467873444
0,0.0
0,0.0
0,0.0
0,0.0
0,0.0
0,0.0
0,0.0
0,0.4357402603412236
0,0.09802342938069601
0,0.09014230788324851
0,0.18666214321302058
0,0.0
0,0.3117335362260806
0,0.0
0,0.20114418517236377
0,0.0
0,0.0
0,0.24536689740750858
0,0.11292285782925497
0,0.0
0,0.0
0,0.3376304353244308
0,0.0
0,0.492801885976789
0,0.0
0,0.1915175776825149
0,0.0
0,0.18095622932470293
0,0.0
0,0.0
0,0.01227575261871634
0,0.0
0,0.22224730362603776
0,0.0
0,0.0
0,0.0
0,0.0
0,0.0
0,0.7237846264838748
0,0.23538128636940714
0,0.0
0,0.0
0,0.006739767843613914
0,0.16413573455256297
0,0.0
0,0.3342965084006616
0,0.21461439463237322
0,0.21545571771238034
0,0.1315427216429182
0,0.005884997308196971
0,0.20185837079004595
0,0.1775442401224134
0,0.0
0,0.0
0,0.03055688857859601
0,0.4647060454485562
0,0.0
0,0.0
0,0.04942825237095502
0,0.015266310556805418
0,0.05200249931112246
0,0.07318595937255007
0,0.0
0,0.4469590315806246
0,0.0
0,0.0
0,0.0
0,0.0
0,0.0
0,0.4984410497184054
0,0.006265946488788536
0,0.06921027171560504
0,0.0
0,0.0
0,0.0
0,0.0
0,0.3844931385011306
0,0.16730731821753736
0,0.0
0,0.07395143352960146
0,0.14946652454903553
0,0.34204471155637994
0,0.47416220597051206
0,0.0
0,0.0
0,0.0
0,0.0
0,0.13990751233390034
0,0.29620035497673053
0,0.0
0,0.0
0,0.04552739767462211
0,0.0
0,0.626861616508432
0,0.0
0,0.05542217366871734
0,0.6070818657688918
0,0.0020399533679993304
0,0.0
0,0.0
0,0.0
0,0.41185454240295905
0,0.0
0,0.46003011038889763
0,0.0
0,0.0
0,0.0
0,0.17656598093121592
0,0.0
0,0.13865179982458284
0,0.6072928869860558
0,0.0
0,0.056911850283118695
0,0.0
0,0.12776616185791073
0,0.005744333224725617
0,0.0
0,0.1463616854613222
0,0.5413044329360229
0,0.0
0,0.21592738264445457
0,0.0
0,0.0
0,0.1417218833641132
0,0.44523480856078945
0,0.106684004635698
0,0.0
0,0.0
0,0.0
0,0.18135459790661002
0,0.26469991869702275
0,0.0
0,0.0
0,0.07976346889561454
0,0.0
0,0.0
0,0.6299165367499546
0,0.0
0,0.0
0,0.0
0,0.22325759144998103
0,0.0
0,0.0
0,0.3963912096819036
0,0.4258809013540911
0,0.0
0,0.0
0,0.30225410695107663
0,0.0
0,0.2371876797488306
0,0.0
0,0.26777920148979273
0,0.0
0,0.21922923571995734
0,0.004281920350930232
0,0.0
0,0.0
0,0.20589553708701022
0,0.03176833593457027
0,0.17532389414174526
0,0.5929321753546456
0,0.0
0,0.4851637724905872
0,0.03130678125696388
0,0.0
0,0.0
0,0.0
0,0.2764950335773378
0,0.0
0,0.4533464790742042
0,0.0
0,0.0
0,0.0
0,0.10908956478749036
0,0.2660662170291901
0,0.0
0,0.0
0,0.059684444038948355
0,0.13102156552005284
0,0.1212884264885093
0,0.3707346575466462
0,0.0
0,0.2040648316351348
0,0.3577522537433925
0,0.0
0,0.09589554777569316
0,0.0
0,0.0
0,0.10430294506150091
0,0.0
0,0.0
0,0.01024572524640738
0,0.0
0,0.0
0,0.203811984886951
0,0.0
0,0.19989375027276357
0,0.13877738785618535
0,0.0
0,0.0
0,0.3582328209142117
0,0.0
0,0.0
0,0.13861826797556895
0,0.23501715278477864
0,0.0
0,0.0
0,0.42671095850955226
0,0.5216698991392736
0,0.29365741523453864
0,0.025595442769507214
0,0.0
0,0.0
0,0.15675423157972723
0,0.12551946626660512
0,0.4204795778839288
0,0.19513502776084174
0,0.0
0,0.31558428531687555
0,0.0
0,0.0
0,0.07506006187550834
0,0.5987002469351893
0,0.9329755668016082
0,0.18201691774085482
0,0.0
0,0.16035169454416506
0,0.2662966277621508
0,0.0
0,0.5385634067736966
0,0.06902122775742062
0,0.14932292672741826
0,0.1997772756163384
0,0.1264759831843367
0,0.25168215014088363
0,0.0
0,0.0
0,0.0
0,0.1318503691860679
0,0.2336809510536342
0,0.13733185984556573
0,0.5023477300042611
0,0.0
0,0.20062249667775378
0,0.0
0,0.0
0,0.20866132726973324
0,0.2547306332229432
0,0.0
0,0.0
0,0.0
0,0.0
0,0.26711494905593586
0,0.1725615048319699
0,0.1501997164143629
0,0.014932106154288022
0,0.0021189475884529356
0,0.0
0,0.20964852606076043
0,0.12629188331681693
0,0.14760565439783976
0,0.0
0,0.0
0,0.32914581352610867
0,0.0
0,0.0
0,0.2080436735741981
0,0.0
0,0.3179809152139865
0,0.18510178487300924
0,0.20507079696014327
0,0.0
0,0.3635831956159201
0,0.07837515937015681
0,0.0
0,0.04301654020267532
0,0.0
0,0.12259584344420124
0,0.0
0,0.0
0,0.0
0,0.33380651249697757
0,0.0
0,0.46011831297494976
0,0.0
0,0.0
0,0.0
0,0.37074348600208157
0,0.0
0,0.0
0,0.048005467755836306
0,0.15053482085026348
0,0.33521964477073823
0,0.43454976896787784
0,0.0
0,0.0
0,0.0
0,0.07808415197486585
0,0.0
0,0.0
0,0.10313636446496563
0,0.0
0,0.009839098623475952
0,0.0
0,0.0
0,0.0
0,0.26705952333743604
0,0.31057480041712576
0,0.0
0,0.0
0,0.0
0,0.0
0,0.0
0,0.0
0,0.0
0,0.0
0,0.06218019881968319
0,0.020803301110875128
0,0.0
0,0.053046261641819394
0,0.0
0,0.0
0,0.5020356270895611
0,0.4021383155371044
0,0.0
0,0.24891972536375234
0,0.24341896634747762
0,0.0
0,0.24563329312645818
0,0.46137957552376585
0,0.0
0,0.0
0,0.30529844005305073
0,0.08144859324769439
0,0.16544288257185696
0,0.10217676492014903
0,0.11720877627844324
0,0.0
0,0.31419531198643447
0,0.35087699772833203
0,0.0
0,0.0
0,0.0
0,0.15427642680535045
0,0.1716172325142432
0,0.0
0,0.3373060079611508
0,0.0
0,0.16938177776808008
0,0.0
0,0.0
0,0.0
0,0.06759237661228247
0,0.0
0,0.0
0,0.2478141514324519
0,0.0
0,0.0
0,0.5248751712616262
0,0.41443622360714594
0,0.0
0,0.2069123415735583
0,0.0
0,0.07904616459931786
0,0.08826723870404811
0,0.0
0,0.0
0,0.0
0,0.0
0,0.0
0,0.0
0,0.0
0,0.20461561971378597
0,0.4461738466007782
0,0.0
0,0.07182135016061311
0,0.14990553309088014
0,0.14160068127578232
0,0.022786580374826223
0,0.22280472550791672
0,0.14467468580419715
0,0.0
0,0.26074681931678195
0,0.2661872511800226
0,0.0
0,0.011381350634280607
0,0.2049986978433208
0,0.0
0,0.3218934143298035
0,0.7091617483858083
0,0.0
0,0.0
0,0.09114557868146271
0,0.21646875153784303
0,0.0
0,0.4359781989963103
0,0.0
0,0.20787558690948332
0,0.0
0,0.515813371862189
0,0.5977546059504355
0,0.0
0,0.0
0,0.25787636609394055
0,0.0
0,0.0
0,0.007616526162723054
0,0.0
0,0.0
0,0.0
0,0.0
0,0.43308960104064426
0,0.0
0,0.24396155602439318
0,0.0
0,0.0
0,0.23711156881551337
0,0.10201538837066713
0,0.17118389916585927
0,0.2904553981598583
0,0.0
0,0.0
0,0.0
0,0.0
0,0.8847283275926175
0,0.373403874221036
0,0.0
0,0.0
0,0.14455981851554744
0,0.1641794392133901
0,0.1646651505952093
0,0.0
0,0.0
0,0.09836385724780722
0,0.02576790188799912
0,0.0
0,0.0
0,0.0
0,0.052563425672553614
0,0.895577700781023
0,0.11024449964229131
0,0.0
0,0.27654045059317567
0,0.1448063661627638
0,0.1260283471355524
0,0.1820551779647013
0,0.6169630694488624
0,0.0
0,0.14208962304343634
0,0.0
0,0.16665379390267449
0,0.0
0,0.0
0,0.0
0,0.2927450158034127
0,0.27553633318272414
0,0.0
0,0.016480233299954617
0,0.0
0,0.0
0,0.0
0,0.0
0,0.7280149459036567
0,0.12988794760820885
0,0.0
0,0.0
0,0.3064149886288195
0,0.6265328318609775
0,0.0
0,0.0
0,0.5612895526115347
0,0.11688425321127116
0,0.0
0,0.16038872583673058
0,0.0
0,0.0010126519791482996
0,0.09834635185292558
0,0.27728104186134894
0,0.0
0,0.02570614842100771
0,0.0
0,0.07661512670229513
0,0.0
0,0.0
0,0.0
0,0.19534087254709712
0,0.2575353349969996
0,0.0
0,0.0114713984880085
0,0.0
0,0.0
0,0.0
0,0.7862379273089924
0,0.0
0,0.43925317162573124
0,0.2990576320397424
0,0.08419092134704091
0,0.52758614525854
0,0.11163164178205887
0,0.11674775870037861
0,0.0
0,0.36707066472558825
0,0.3289407701432651
0,0.0
0,0.0
0,0.0
0,0.0
0,0.0
0,0.37123144040524175
0,0.0
0,0.0
0,0.017406820442518567
0,0.2545292646615854
0,0.0
0,0.0
0,0.06338510768384181
0,0.36002368692805836
0,0.0
0,0.0
0,0.18591343378984088
0,0.0
0,0.0
0,0.0
0,0.0
0,0.0
0,0.0
0,0.26911985906613967
0,0.38246251238361667
0,0.1954565974018517
0,0.0
0,0.0
0,0.0
0,0.17963831686857307
0,0.20050214661542423
0,0.0
0,0.024598666924068126
0,0.13718412138457234
0,0.43674669664402993
0,0.21135196194741693
0,0.23671700621265568
0,0.02514798837880828
0,0.4231377435610511
0,0.12292883878784922
0,0.0
0,0.4210109910375572
0,0.2093709817617083
0,0.0
0,0.0
0,0.08897266354222853
0,0.1389554385802754
0,0.05918767968936193
0,0.09339260203286547
0,0.5099872123729141
0,0.3214629456704657
0,0.057190677379507296
0,0.28239317423024496
0,0.0
0,0.11937811498404267
0,0.542791904919933
0,0.0
0,0.0
0,0.0
0,0.0
0,0.0
0,0.0
0,0.0
0,0.004685500184880914
0,0.27068315213599414
0,0.0
0,0.45578517709253064
0,0.1532376265582784
0,0.30917417568721717
0,0.0
0,0.2563575681199847
0,0.0
0,0.2670742502509526
0,0.05155180193805937
0,0.16597536599543508
0,0.0
0,0.0
0,0.17916846547601542
0,0.0
0,0.1389618876297369
0,0.0
0,0.2544522638000004
0,0.0
0,0.16568998130385695
0,0.18768928009380026
0,0.0
0,0.17460797012541807
0,0.07813267900006679
0,0.0
0,0.0
0,0.0
0,0.1048950141899081
0,0.0
0,0.02860325983239246
0,0.0
0,0.20374283263145862
0,0.0
0,0.0
0,0.21956121128648867
0,0.10051740872523525
0,0.09484678715483348
0,0.14078027694255787
0,0.0
0,0.22703660399609457
0,0.18374063820408068
0,0.0
0,0.0
0,0.0
0,0.0
0,0.1001579899705604
0,0.42941003454935506
0,0.3245300183018486
0,0.0
0,0.1866209970918146
0,0.39867999586062286
0,0.11604255620676078
0,0.32729412755579007
0,0.6036811337102296
0,0.3071128638320944
0,0.07479257869251865
0,0.31352654222542603
0,0.04346634992906735
0,0.007170912985486641
0,0.0
0,0.4690240076496324
0,0.0
0,0.45971031740343477
0,0.1499592371221114
0,0.0
0,0.11029478789742647
0,0.0
0,0.18765240504931072
0,0.2655694448966973
0,0.0
0,0.0370643087866747
0,0.5862472301250858
0,0.0
0,0.0
0,0.4444990207387796
0,0.5887761571592384
0,0.0011087015543541977
0,0.3034389106225069
0,0.4024427746592643
0,0.0
0,0.0
0,0.3692623539464205
0,0.5055042836125528
0,0.16886425805230643
0,0.0
0,0.5961183335098323
0,0.0
0,0.0
0,0.10270135034688643
0,0.46624812621443223
0,0.2561927929656671
0,0.12445965010857313
0,0.13898655903543186
0,0.013054400593039823
0,0.1674418543555519
0,0.0
0,0.0
0,0.07239658047503429
0,0.0
0,0.11589699534346799
0,0.0
0,0.526642709494647
0,0.4719059175644569
0,0.0
0,0.0
0,0.0
0,0.0
0,0.058507495208438016
0,0.0
0,0.0
0,0.18681336717008057
0,0.18885887526654324
0,0.0
0,0.26860662922877987
0,0.0
0,0.07594957141139436
0,0.2461032037837368
0,0.0
0,0.1364222736423403
0,0.0
0,0.0
0,0.0
0,0.0
0,0.0
0,0.0
0,0.0
0,0.0
0,0.0
0,0.0
0,0.0
0,0.14383245542581916
0,0.26235512223975677
0,0.0
0,0.0
0,0.0
0,0.0
0,0.0
0,0.0
0,0.0
0,0.0
0,0.05442798603419141
0,0.17850883975066942
0,0.0
0,0.0
0,0.0
0,0.0
0,0.0
0,0.17193834397236002
0,0.0
0,0.0
0,0.09033220175752263
0,0.055150354896751304
0,0.8079100991941489
0,0.10494000737037226
0,0.0
0,0.0
0,0.0
0,0.0
0,0.0
0,0.2746170826680485
0,0.0
0,0.0
0,0.0
0,0.5216554055559993
0,0.0
0,0.5497671130437605
0,0.24424552863547996
0,0.14462001820061585
0,0.1106199441952559
0,0.11813918946487545
0,0.0
0,0.0
0,0.25354739135529647
0,0.0
0,0.0
0,0.0
0,0.5112316548766473
0,0.3740675146604158
0,0.0
0,0.285434783117426
0,0.0
0,0.0
0,0.0
0,0.4688666305524593
0,0.0
0,0.0
0,0.0
0,0.571240976871902
0,0.48778767460861894
0,0.6656340700344402
0,0.0
0,0.08868734662412851
0,0.0
0,0.4430803278354823
0,0.0
0,0.06503266912878873
0,0.0
0,0.0
0,0.0
0,0.0
0,0.0
0,0.0
0,0.25000017353409215
0,0.0
0,0.06616242810416005
0,0.3653877456916675
0,0.0
0,0.0
0,0.0
0,0.35391756250821305
0,0.05823228928600731
0,0.0
0,0.14516299535641192
0,0.0
0,0.20440785313288437
0,0.12258219231053027
0,0.0
0,0.0
0,0.0
0,0.16044520090377307
0,0.3686941507467186
0,0.0
0,0.13751601106544528
0,0.0
0,0.0
0,0.0
0,0.0
0,0.0
0,0.0
0,0.08765781849791195
0,0.0
0,0.0
0,0.0
0,0.0
0,0.1373059758160656
0,0.0
0,0.0
0,0.0
0,0.4165013334625343
0,0.0
0,0.11489669542227854
0,0.04237714202623897
0,0.0
0,0.23046216498952118
0,0.06461895163688638
0,0.15248059190237687
0,1.0
0,0.0
0,0.5174089949283325
0,0.0
0,0.08619867132090278
0,0.0
0,0.0
0,0.0
0,0.09885262067190274
0,0.0
0,0.22517375025652966
0,0.0
0,0.0
0,0.0
0,0.37714476505877187
0,0.0
0,0.10753608546288607
0,0.0
0,0.22737655497708587
0,0.20565232163706124
0,0.5545826499889234
0,0.0
0,0.20059644142737199
0,0.029420261861683363
0,0.3887615345589043
0,0.0
0,0.22350159386318433
0,0.0
0,0.0
0,0.027525745334511856
0,0.07567211892800321
0,0.0
0,0.0644139549511579
0,0.47343541726865535
0,0.2956349056845655
0,0.26074637774906895
0,0.0
0,0.0
0,0.2865901674713258
0,0.26281403775893825
0,0.4418012027252946
0,0.0
0,0.0
0,0.0
0,0.0
0,0.29897115317383416
0,0.0
0,0.1921439385602471
0,0.0
0,0.09721710846646818
0,0.0
0,0.02556283489017032
0,0.0
0,0.0
0,0.0
0,0.3617983549640448
0,0.23322220582935335
0,0.1400012945898243
0,0.456301868147814
0,0.0
0,0.5242089593746674
0,0.2796574692781154
0,0.0
0,0.34068604415488324
0,0.0
0,0.0
0,0.0
0,0.0
0,0.0
0,0.3669249201285975
0,0.0
0,0.10575149050706387
0,0.0
0,0.0
0,0.08101720751742662
0,0.0
0,0.0
0,0.0
0,0.5961827997692424
0,0.2734088166524165
0,0.03172613738144413
0,0.37911200329640055
0,0.0
0,0.1630438136010279
0,0.05994313011561404
0,0.079206024400101
0,0.38170605003203034
0,0.21974763083394067
0,0.08661709884750697
0,0.0
0,0.0
0,0.0
0,0.02801171228299537
0,0.0
0,0.7235030026735263
0,0.45491821657607184
0,0.18063549611774504
0,0.021611058385123425
0,0.0
0,0.0
0,0.02324415555565876
0,0.0773257620428252
0,0.0
0,0.10025292517346923
0,0.0
0,0.0
0,0.0
0,0.0
0,0.566306297202057
0,0.16696593736012744
0,0.0
0,0.1458108868252911
0,0.0
0,0.32480731616612196
0,0.0
0,0.0
0,0.397738994262657
0,0.0
0,0.0
0,0.0
0,0.31151365530579495
0,0.0
0,0.0
0,0.0
0,0.16552223997327611
0,0.36007852492164877
0,0.0
0,0.0
0,0.34617022027672417
0,0.0
0,0.0
0,0.05712716697751732
0,0.13476561638551027
0,0.0
0,0.010332303511752405
0,0.0
0,0.0
0,0.1360526137663402
0,0.0
0,0.01769526647687921
0,0.1340617502408094
0,0.0
0,0.05113913129897127
0,0.0
0,0.0
0,0.18306485087676674
0,0.047091888290530265
0,0.0
0,0.0672649212872379
0,0.2143829371909854
0,0.0
0,0.3477222194867693
0,0.0
0,0.12764697997206909
0,0.35917407709356836
0,0.0
0,0.0
0,0.0
0,0.0
0,0.5204809727510425
0,0.0
0,0.0
0,0.06131670948089303
0,0.0
0,0.0
0,0.09523597837505254
0,0.0
0,0.0
0,0.0
0,0.0
0,0.09647796340177157
0,0.5264799214941724
0,0.005520489235031439
0,0.06757923517426485
0,0.2078168265350578
0,0.0
0,0.5107543974388816
0,0.0606986389268406
0,0.48955706972673263
0,0.0
0,0.5454185767673474
0,0.23254664821043491
0,0.16591202575570752
0,0.07020733630594438
0,0.0
0,0.36015949754216176
0,0.04210796095441409
0,0.0
0,0.0
0,0.0
0,0.09299969494966652
0,0.0
0,0.36569123693809896
0,0.0
0,0.04307638095154805
0,0.0
0,0.22791368864525052
0,0.0
0,0.12588299160723543
0,0.0
0,0.38383947949732533
0,0.31251739921765537
0,0.1750632909035663
0,0.0
0,0.17395718558853965
0,0.0
0,0.2566666977062136
0,0.49484426829717626
0,0.32118316799375585
0,0.0
0,0.10842519518193086
0,0.0
0,0.17171709335270272
0,0.13518102385876166
0,0.0
0,0.0
0,0.0
0,0.0
0,0.0
0,0.11669361880565512
0,0.07544208268215362
0,0.0
0,0.0
0,0.31461213792496906
0,0.4966221339264886
0,0.0
0,0.0
0,0.14736229962359887
0,0.0
0,0.0
0,0.2218959455174014
0,0.0
0,0.3954906974558008
0,0.0218041572988024
0,0.0
0,0.0
0,0.0
0,0.0
0,0.44848146823597074
0,0.01239768968118554
0,0.13290063913421254
0,0.28546493117221283
0,0.0
0,0.14204156971056853
0,0.0
0,0.2540312325649481
0,0.0
0,0.0
0,0.0
0,0.12967888519024665
0,0.14101325621046062
0,0.0
0,0.0
0,0.0
0,0.0
0,0.25259510863563805
0,0.0
0,0.0
0,0.0
0,0.0
0,0.0
0,0.0
0,0.03282254154989102
0,0.39859224847446934
0,0.093955342159494
0,0.0
0,0.1367712585512108
0,0.0
0,0.0
0,0.0
0,0.0
0,0.0
0,0.04741604697603955
0,0.0
0,0.0
0,0.0
0,0.18247385750549056
0,0.0
0,0.2328083741530426
0,0.0
0,0.0
0,0.0
0,0.0
0,0.29259373754339363
0,0.15468842653318693
0,0.2935266336084105
0,0.15664276378018074
0,0.0
0,0.0
0,0.0
0,0.39917247121171207
0,0.0
0,0.26810930681673323
0,0.26788616103263074
0,0.5488860605148261
0,0.0
0,0.21369664787404863
0,0.6844955509616528
0,0.0
0,0.0
0,0.0
0,0.2138136086583994
0,0.0
0,0.0
0,0.13119395611168821
0,0.05555266104897422
0,0.12763345925525169
0,0.06668695674025621
0,0.383659743994018
0,0.0
0,0.0
0,0.0
0,0.24905754355878304
0,0.2701195765185191
0,0.13536759579555244
0,0.35504810006697834
0,0.0
0,0.5001672334653411
0,0.4569715865136774
0,0.22068659917372402
0,0.534539672631318
0,0.0
0,0.0
0,0.0
0,0.21644379712720296
0,0.0
0,0.22724854480124565
0,0.411160843199014
0,0.2085608700251998
0,0.08512530709845033
0,0.0
0,0.0
0,0.374885671589
0,0.23380470117159968
0,0.0
0,0.0
0,0.0
0,0.0
0,0.573425726141917
0,0.0
0,0.05684394636632419
0,0.3022331919585595
0,0.0
0,0.055413142434324984
0,0.2813746612531965
0,0.0037497965721751004
0,0.8605209167000305
0,0.0
0,0.31761855896516367
0,0.0
0,0.23157604645100252
0,0.13239214550977374
0,0.0
0,0.06869891773780207
0,0.0
0,0.18097425017141813
0,0.0894475397971577
0,0.1915980505929307
0,0.317435497526145
0,0.11028595206291326
0,0.044426825939482856
0,0.0
0,0.0
0,0.3560203860531993
0,0.43090062171179355
0,0.0
0,0.013800824175982235
0,0.0
0,0.3518270535802334
0,0.1996250471075336
0,0.5823652309391247
0,0.0
0,0.0
0,0.06943377675767169
0,0.1939468613177312
0,0.0
0,0.0
0,0.2644222586770713
0,0.21634060876367447
0,0.0
0,0.4066328403316487
0,0.3510596127589811
0,0.04028894917433786
0,0.023879358712810914
0,0.16621733133477215
0,0.0
0,0.009009443749224652
0,0.0
0,0.2629366936508806
0,0.0
0,0.4510259485286997
0,0.0
0,0.0
0,0.0
0,0.0
0,0.42555940354441096
0,0.0
0,0.38308961582645634
0,0.10140704433051244
0,0.0
0,0.0
0,0.5029179081624608
0,0.0
0,0.0
0,0.3411943627094188
0,0.10156586288577427
0,0.0
0,0.0649874926213857
0,0.0
0,0.3302464195267815
0,0.31841128946194003
0,0.15960185964658294
0,0.10849831837410497
0,0.5283564374602121
0,0.0
0,0.0
0,0.13484217384969205
0,0.6258141148611341
0,0.0
0,0.0
0,0.12493381143043579
0,0.0
0,0.0
0,0.33655735686914123
0,0.6960122166051778
0,0.0588394377071722
0,0.0
0,0.0
0,0.07739279436635425
0,0.3311632029948773
0,0.14255032394861447
0,0.0
0,0.0
0,0.0
0,0.25042539789746465
0,0.2741314864156757
0,0.0
0,0.47695169345420513
0,0.1722213662682004
0,0.419878393543738
0,0.0
0,0.0
0,0.0
0,0.15083532806855826
0,0.538908246878089
0,0.21182367414453945
0,0.0
0,0.0
0,0.369000171815745
0,0.0
0,0.48854056643169647
0,0.0
0,0.4771746217853551
0,0.2036793870177835
0,0.0
0,0.0
0,0.0
0,0.12849500771257125
0,0.02314694886531502
0,0.0
0,0.0
0,0.02357310891574494
0,0.0
0,0.1374504344366096
0,0.0
0,0.0
0,0.0
0,0.0
0,0.0
0,0.0
0,0.5859777412579704
0,0.0
0,0.0533250318804094
0,0.1201444159518986
0,0.039319555864754614
0,0.0
0,0.0
0,0.43527826448376356
0,0.5421589930913655
0,0.0
0,0.0
0,0.0
0,0.0
0,0.15178966603675956
0,0.0
0,0.6495168203419807
0,0.3571645783030788
0,0.06377220918966446
0,0.30809587899591967
0,0.3317701273071927
0,0.0
0,0.0
0,0.023442918890894233
0,0.2584908373493832
0,0.041718119596025297
0,0.0
0,0.0
0,0.0
0,0.0
0,0.5917626530369424
0,0.0
0,0.15167677255076237
0,0.44673393249848686
0,0.6814349236268388
0,0.0
0,0.14742883581605992
0,0.17092810715959408
0,0.05864451946598724
0,0.0
0,0.13079261685001375
0,0.0
0,0.20462084701878938
0,0.037853371098590154
0,0.0
0,0.6140586587158673
0,0.0
0,0.0
0,0.5974659906614201
0,0.0
0,0.0
0,0.0
0,0.2522203446388648
0,0.06234075220599402
0,0.0
0,0.0
0,0.0
0,0.0
0,0.12775309758894873
0,0.1254617267663916
0,0.0
0,0.31918229626825684
0,0.07577065379898705
0,0.41535961427817186
0,0.13325949818720156
0,0.33039688732072864
0,0.1399635934350381
0,0.40386772686082445
0,0.15667519080533357
0,0.0
0,0.6817304161340645
0,0.2667111366839676
0,0.17212332630132393
0,0.0
0,0.0
0,0.08781464464255602
0,0.04365635933047224
0,0.0
0,0.042294809883618
0,0.4765880784130787
0,0.2086207423650896
0,0.0
0,0.0
0,0.0
0,0.0
0,0.0
0,0.0
0,0.0
0,0.0
0,0.0
0,0.0
0,0.6158916073504989
0,0.3266308962650016
0,0.0
0,0.005645714922179527
0,0.0
0,0.5087168633432596
0,0.5691866084319335
0,0.04700811847395738
0,0.3070591932556034
0,0.052586033680177155
0,0.0
0,0.0
0,0.03957839003158712
0,0.0
0,0.0
0,0.0
0,0.0
0,0.015677547149244964
0,0.0
0,0.0
0,0.0
0,0.2933446649058601
0,0.0
0,0.3460771029950776
0,0.41590481917885297
0,0.0
0,0.0
0,0.0
0,0.0
0,0.0
0,0.0
0,0.4590585596590054
0,0.1994781486905223
0,0.0
0,0.0
0,0.0
0,0.0
0,0.1488597562089949
0,0.0
0,0.1534498726085584
0,0.5805462120180688
0,0.24465030673327876
0,0.0
0,0.0
0,0.0
0,0.3541922737356434
0,0.0
0,0.013566812699994768
0,0.0153593705643256
0,0.0
0,0.0
0,0.09689235108530045
0,0.0
0,0.15007214083097095
0,0.0
0,0.3662463896439143
0,0.0
0,0.5136120852053677
0,0.0
0,0.13043101936706733
0,0.14262920475798704
0,0.0
0,0.12731818135830378
0,0.38385560092804766
0,0.0
0,0.1508234422472444
0,0.0
0,0.0
0,0.4887499094702835
0,0.0
0,0.0
0,0.0
0,0.6203719014490656
0,0.0
0,0.0
0,0.4492295049538879
0,0.5573107030613197
0,0.0
0,0.0
0,0.6287530505427477
0,0.47833271752475903
0,0.20368409632866988
0,0.0
0,0.0
0,0.0
0,0.09925539138467333
0,0.43530043143940084
0,0.2638251123412209
0,0.0
0,0.41294893500586133
0,0.0939396420039466
0,0.20611973875767486
0,0.43996225778358083
0,0.0
0,0.0
0,0.0
0,0.0
0,0.10401299328147597
0,0.7534669654753271
0,0.0
0,0.0
0,0.19216288052243202
0,0.03692346049685434
0,0.0
0,0.0
0,0.06983602288204908
0,0.0
0,0.0
0,0.3583776661541192
0,0.2875157459526127
0,0.01549829305532394
0,0.06872240646171077
0,0.3222954038146684
0,0.06730189703342478
0,0.2712052664283943
0,0.0
0,0.39359512157218396
0,0.09623571777980516
0,0.0582155830817622
0,0.0
0,0.08608675629051261
0,0.0
0,0.0
0,0.0
0,0.0
0,0.6374314209050884
0,0.3994017185965209
0,0.5761102506432784
0,0.0
0,0.021376124973267747
0,0.0
0,0.0
0,0.0
0,0.3718752019324684
0,0.0
0,0.3205138001082049
0,0.1812362668765554
0,0.6910916256314367
0,0.0
0,0.3777699719360397
0,0.3439322611202183
0,0.0
0,0.3021400009419479
0,0.10084348890786864
0,0.0
0,0.0
0,0.0
0,0.6149436287357778
0,0.0002048456872447884
0,0.23463900045943775
0,0.0
0,0.0
0,0.32459544277498265
0,0.0
0,0.0
0,0.010208223321669613
0,0.03341178055201573
0,0.0
0,0.11874593432877692
0,0.20785672674534347
0,0.220391263637799
0,0.0
0,0.0
0,0.3584288585630813
0,0.2683941562721617
0,0.0
0,0.10544397010566049
0,0.0
0,0.014080470618110887
0,0.5693301050237931
0,0.0
0,0.0
0,0.22920893447185783
0,0.0
0,0.0
0,0.17893234127452579
0,0.0
0,0.0
0,0.22325571309451037
0,0.12646382506096837
0,0.08004551888862056
0,0.0
0,0.1110183345806866
0,0.0
0,0.1373416829777354
0,0.0
0,0.0
0,0.0
0,0.0
0,0.0
0,0.0
0,0.07759834435661643
0,0.0638219327572981
0,0.23486212048457172
0,0.0
0,0.1224158540510267
0,0.16523927168209895
0,0.13343214234947842
0,0.0
0,0.044809044681356665
0,0.10924208881639841
0,0.0021535400723825824
0,0.0
0,0.04814688719204402
0,0.6637593118191726
0,0.0
0,0.0
0,0.11200456791341945
0,0.09371346313997152
0,0.3578205496249243
0,0.0
0,0.21941407577249772
0,0.17712661837543903
0,0.0
0,0.10160619537650699
0,0.30883724447950717
0,0.2616946140085351
0,0.0
0,0.24604745602664532
0,0.0
0,0.021862229404654616
0,0.021959097300508348
0,0.0
0,0.3575122491321195
0,0.0
0,0.0
0,0.0
0,0.05360841504314268
0,0.3687644352891151
0,0.18092840548465006
0,0.0
0,0.7455569750036675
0,0.07943259329339389
0,0.38261722139970444
0,0.0
0,0.1600077734116348
0,0.2518405513555214
0,0.3654584135262768
0,0.3172104916134675
0,0.26165910002189335
0,0.0
0,0.0
0,0.09978225309725926
0,0.2799384217023208
0,0.0
0,0.31955158971431596
0,0.4357850236458538
0,0.0
0,0.0
0,0.0
0,0.09228380045675892
0,0.0
0,0.4056608036601433
0,0.12722005845553536
0,0.011834114472221846
0,0.0
0,0.0
0,0.08430277508454188
0,0.0
0,0.3037912228932215
0,0.0
0,0.9729278908784199
0,0.6923748751848332
0,0.0
0,0.0
0,0.2986744542006089
0,0.5109517829754113
0,0.0
0,0.0
0,0.0
0,0.1748212749521593
0,0.14906207715227912
0,0.32093143649515504
0,0.0
0,0.0
0,0.2574042585906436
0,0.0
0,0.0
0,0.04351912378781449
0,0.23795270646560318
0,0.0
0,0.0
0,0.0
0,0.0
0,0.0
0,0.0
0,0.15638397150414435
0,0.09650356241295002
0,0.05041794179004607
0,0.0
0,0.0
0,0.0
0,0.053542999165616924
0,0.4286573123440702
0,0.0
0,0.0
0,0.09873203361303887
0,0.3758527903282451
0,0.0
0,0.0
0,0.0
0,0.031031438792431913
0,0.6126228120431232
0,0.08320753858940276
0,0.0
0,0.09662469323009563
0,0.0
0,0.0
0,0.24698397470331157
0,0.06772845693352632
0,0.005283975580097194
0,0.0
0,0.3910523795804277
0,0.19941082359993298
0,0.0
0,0.30054745610458117
0,0.0
0,0.0
0,0.0
0,0.0
0,0.1414627141254617
0,0.0
0,0.0
0,0.0
0,0.0
0,0.0
0,0.0
0,0.0
0,0.0
0,0.13931095906397226
0,0.0
0,0.09490749646084341
0,0.0
0,0.0543188228313247
0,0.3909834111948191
0,0.175849740117835
0,0.0
0,0.07715969110677821
0,0.0
0,0.0023640554084184457
0,0.0
0,0.0
0,0.06362800592225257
0,0.0
0,0.0
0,0.0
0,0.0
0,0.0
0,0.047838752041238754
0,0.0
0,0.15408433926932888
0,0.010414124625768559
0,0.0
0,0.19649267526650693
0,0.24323959367751297
0,0.0
0,0.12605746286849748
0,0.0
0,0.029301113024500617
0,0.0
0,0.0
0,0.0
0,0.0
0,0.0
0,0.0
0,0.0
0,0.0807884257742202
0,0.0
0,0.05475030917976402
0,0.0
0,0.35151537441484787
0,0.0
0,0.14626808912601558
0,0.35456732788798845
0,0.14427242782466862
0,0.0
0,0.0
0,0.3108262953138768
0,0.0
0,0.0
0,0.0
0,0.37129612725359945
0,0.1139302908122688
0,0.0
0,0.0
0,0.0
0,0.0
0,0.29366686756703375
0,0.0
0,0.482634256720312
0,0.24846890705538682
0,0.3272585011811094
0,0.0
0,0.0
0,0.0
0,0.0
0,0.14809645429294527
0,0.38881891853441886
0,0.0
0,0.0
0,0.0
0,0.0
0,0.1774047725275201
0,0.0
0,0.0
0,0.0
0,0.0
0,0.0
0,0.0
0,0.0
0,0.0
0,0.09585740123488663
0,0.49608518054768547
0,0.04196616985173821
0,0.2988354644733387
0,0.0
0,0.04732843178813084
0,0.0
0,0.0
0,0.0
0,0.3575698003240719
0,0.2850047486008937
0,0.07290141661631991
0,0.0
0,0.0
0,0.09051000267052066
0,0.05266086887357937
0,0.0
0,0.0
0,0.0
0,0.16088727285515697
0,0.0
0,0.0
0,0.0429146309636857
0,0.2548835965548639
0,0.20785727527123102
0,0.17477139564264155
0,0.0
0,0.0
0,0.0
0,0.300489547562568
0,0.41803635825732943
0,0.21316473068933559
0,0.1288022468405203
0,0.11389189451578964
0,0.0
0,0.0
0,0.5007208577478993
0,0.0
0,0.4844336372129554
0,0.0
0,0.39762963272852353
0,0.0
0,0.17577126034939475
0,0.0
0,0.0
0,0.0655602127232837
0,0.3028415365787906
0,0.0
0,0.0
0,0.0
0,0.0
0,0.16449588826634962
0,0.28487837140934646
0,0.0
0,0.5566509944382789
0,0.06727042336058753
0,0.0
0,0.0
0,0.0
0,0.0
0,0.2880914388844411
0,0.1387450872200562
0,0.0
0,0.05167631592331125
0,0.20145935151871602
0,0.4584094078163498
0,0.2662511902242178
0,0.22825399629344334
0,0.018025798384549083
0,0.11649360162703488
0,0.3748514702118476
0,0.0
0,0.0
0,0.0
0,0.11374593561783723
0,0.36906665269523625
0,0.0
0,0.0
0,0.0
0,0.27404211960522196
0,0.16128897088496388
0,0.12845587434317282
0,0.0
0,0.0
0,0.1545882964873402
0,0.0
0,0.6552290200141369
0,0.1711521625063548
0,0.0
0,0.0
0,0.0
0,0.0
0,0.33505013265898625
0,0.05592485092321389
0,0.0
0,0.5671322055467348
0,0.014792499456066789
0,0.23065190279066902
0,0.0
0,0.10893468832335701
0,0.09333299734295857
0,0.0
0,0.604582533138192
0,0.3871933382767641
0,0.0
0,0.0
0,0.10426848414106561
0,0.026009309824318975
0,0.10670068456896882
0,0.057473218858226885
0,0.15187229679177783
0,0.43419170981754196
0,0.17043096153859383
0,0.0
0,0.4087688558137356
0,0.4921843690464862
0,0.9456170203536254
0,0.0
0,0.0728646039450825
0,0.0
0,0.16594474691376274
0,0.0
0,0.577033738447486
0,0.0
0,0.0
0,0.0
0,0.0
0,0.225329836352193
0,0.0
0,0.008537274354947664
0,0.0
0,0.0
0,0.49301344674136016
0,0.10819436743073849
0,0.0
0,0.0
0,0.005405061613333976
0,0.14178910375302167
0,0.0
0,0.17777018215419918
0,0.0
0,0.0
0,0.0
0,0.18999804782137153
0,0.006789255803060742
0,0.0
0,0.0
0,0.059604002864222065
0,0.0
0,0.0
0,0.0
0,0.2088503991477867
0,0.0
0,0.0
0,0.6509809764241629
0,0.0
0,0.0
0,0.235076899439582
0,0.0
0,0.0
0,0.0
0,0.0
0,0.47956143362890236
0,0.2406385375854358
0,0.2586670535660931
0,0.0
0,0.0
0,0.0
0,0.0
0,0.28701095591569753
0,0.15508395472451128
0,0.0
0,0.0
0,0.0
0,0.06142766472053525
0,0.22976348384418444
0,0.0
0,0.08989430635120443
0,0.27973046128640017
0,0.0
0,0.21021018363617508
0,0.8443963333417659
0,0.0
0,0.11799211500159708
0,0.0
0,0.05437534878061512
0,0.13808148749469115
0,0.05845270208104141
0,0.0
0,0.061908531397635205
0,0.43865878161529104
0,0.13459072935435817
0,0.2885961567215523
0,0.0
0,0.22497007182711315
0,0.08378035146495778
0,0.0
0,0.09555630143966233
0,0.0
0,0.0
0,0.056798492187712234
0,0.08917328201403721
0,0.0
0,0.31619573135486284
0,0.17160188349014185
0,0.0
0,0.0
0,0.0
0,0.0
0,0.033942137115906844
0,0.0
0,0.0
0,0.0
0,0.0
0,0.19009830743221762
0,0.0
0,0.5036024020117699
0,0.0
0,0.39335024934078733
0,0.0
0,0.25787546170306686
0,0.023940445217619927
0,0.3418666608076408
0,0.0
0,0.0
0,0.4261512861813189
0,0.0
0,0.06646754208726317
0,0.3704255742134385
0,0.0
0,0.17864726929177718
0,0.0
0,0.0
0,0.021683689615286668
0,0.0
0,0.0
0,0.40532186772394174
0,0.2658573565754387
0,0.0
0,0.07293703755386792
0,0.0
0,0.4069750157483946
0,0.0
0,0.06955262764045442
0,0.3438090432426195
0,0.0
0,0.4676367553490682
0,0.0
0,0.4888926393338396
0,0.0
0,0.0
0,0.0
0,0.0
0,0.0
0,0.0
0,0.0
0,0.2873374843418717
0,0.06228100542018773
0,0.09230299602033415
0,0.0
0,0.0
0,0.5396175055053936
0,0.0
0,0.49686247561718866
0,0.0
0,0.0006863808430512148
0,0.3211095480689789
0,0.38156772658159693
0,0.0
0,0.0
0,0.0
0,0.10138725846963548
0,0.26739110606092664
0,0.001268957698245473
0,0.1856658894069461
0,0.49150791968128227
0,0.1143928836794354
0,0.09349585680143349
0,0.0
0,0.0
0,0.11651271876905049
0,0.0
0,0.0
0,0.07305906125590339
0,0.0
0,0.33833407519016956
0,0.02583326047769337
0,0.0
0,0.2970498716877867
0,0.0
0,0.15796100510169211
0,0.0
0,0.0
0,0.025250469055708845
0,0.003848593063105536
0,0.1439481106100499
0,0.0
0,0.0
0,0.0
0,0.23814554014314468
0,0.0
0,0.0
0,0.2959129517717811
0,0.0
0,0.0
0,0.0
0,0.0
0,0.0
0,0.0
0,0.1474516941740351
0,0.0
0,0.09209432180587132
0,0.5440223095546269
0,0.0
0,0.08350459039340087
0,0.0
0,0.0
0,0.0
0,0.0
0,0.10784273926413766
0,0.7047227360102272
0,0.0
0,0.0
0,0.0
0,0.11873965461292411
0,0.07906524358643549
0,0.38522873818443515
0,0.0
0,0.0
0,0.0
0,0.3291900562631126
0,0.0
0,0.0
0,0.17135382186576262
0,0.07309716711081432
0,0.0
0,0.0
0,0.0
0,0.03316059524218204
0,0.0
0,0.14821917569265589
0,0.0
0,0.0
0,0.0
0,0.0
0,0.0
0,0.23935313396872998
0,0.0
0,0.0136474428992256
0,0.16750092696351165
0,0.5569942309685864
0,0.0
0,0.09733758130575511
0,0.0
0,0.0
0,0.25343231273450995
0,0.0
0,0.3535538069395268
0,0.0
0,0.15597064185862575
0,0.5606453521631559
0,0.12591168250717977
0,0.08297445167731463
0,0.0025668242473049496
0,0.0
0,0.4066718807131044
0,0.0
0,0.1513449769149051
0,0.0
0,0.0
0,0.43052621976667066
0,0.0
0,0.4359826428127634
0,0.0
0,0.0
0,0.26762027991951615
0,0.0
0,0.20960664405511303
0,0.007563260262024634
0,0.0
0,0.04928842961117071
0,0.6588669426458397
0,0.14789593755433775
0,0.0
0,0.3226030205870693
0,0.06320053956093324
0,0.0628602690788383
0,0.0
0,0.0701544077368795
0,0.31063302492508343
0,0.0
0,0.42734874637408427
0,0.0
0,0.0
0,0.2992896230760733
0,0.0
0,0.22785446624583233
0,0.0
0,0.0
0,0.14806806130028746
0,0.08726911727700176
0,0.0
0,0.0
0,0.27882299543724465
0,0.0
0,0.0
0,0.0
0,0.0
0,0.0
0,0.0
0,0.0
0,0.0
0,0.0
0,0.10919118925582143
0,0.6279593796629834
0,0.0
0,0.3478143129901566
0,0.2919304683045216
0,0.0
0,0.060970786375809306
0,0.0
0,0.055706574125621675
0,0.45273930402136514
0,0.18168186978939388
0,0.15258251197003259
0,0.0
0,0.0
0,0.0
0,0.36198244645917454
0,0.0
0,0.0
0,0.03788032087022045
0,0.0
0,0.0
0,0.0
0,0.0
0,0.0
0,0.21102837503619262
0,0.0
0,0.0
0,0.0
0,0.21958665075295372
0,0.0
0,0.0
0,0.013307639254682114
0,0.0
0,0.14841169613250974
0,0.11503050942109325
0,0.0
0,0.301777353538925
0,0.0
0,0.3383726979760707
0,0.04634809967857534
0,0.0
0,0.0
0,0.0
0,0.3660848689253151
0,0.0
0,0.0
0,0.3108908676217439
0,0.0
0,0.27015992319947746
0,0.5098307949026128
0,0.0
0,0.20440869797259162
0,0.0
0,0.22641998942034275
0,0.05982719579603013
0,0.14191148464806455
0,0.0
0,0.0
0,0.15097561942485144
0,0.0
0,0.0
0,0.2823545599259909
0,0.05756932076191082
0,0.5845027934369439
0,0.30753274577453205
0,0.0
0,0.0081940139554316
0,0.0
0,0.0
0,0.0
0,0.0
0,0.0
0,0.014248040475492885
0,0.0
0,0.0
0,0.12126385958319962
0,0.21476182340728786
0,0.06811034365946667
0,0.0
0,0.17743264552555646
0,0.20406610814300732
0,0.09222107091590652
0,0.0
0,0.0829802296533542
0,0.3586441952476437
0,0.0
0,0.6293818017397294
0,0.0
0,0.009722104002040865
0,0.0
0,0.06698125077607826
0,0.0
0,0.0
0,0.0
0,0.04060150436768727
0,0.2983342126526722
0,0.19380185613436543
0,0.0
0,0.6126208958783641
0,0.08858398218626051
0,0.0
0,0.04713837569728225
0,0.052856946750807716
0,0.0
0,0.059375000202622645
0,0.0
0,0.0
0,0.0
0,0.0
0,0.04375094106461517
0,0.1755898309549014
0,0.15446507882291166
0,0.24597757579057028
0,0.09730206300446045
0,0.0
0,0.25189915932935664
0,0.0
0,0.0
0,0.0
0,0.3240168177417931
0,0.28283655424202264
0,0.14619157111349845
0,0.32157895956353916
0,0.0
0,0.10457853595829412
0,0.0
0,0.2540646311654742
0,0.0
0,0.0
0,0.16227255556829698
0,0.26285075015736986
0,0.0
0,0.0
0,0.0
0,0.0
0,0.0601378894241187
0,0.1826716068763896
0,0.07862004272601765
0,0.0
0,0.0
0,0.0
0,0.4109103322962554
0,0.0
0,0.3766210828379689
0,0.28376089310524366
0,0.0
0,0.0
0,0.10511106491590147
0,0.0
0,0.030745392647462257
0,0.0
0,0.0
0,0.0
0,0.06800527454837915
0,0.0
0,0.0
0,0.2087591517281356
0,0.35203268298973345
0,0.0
0,0.0
0,0.1500429099341651
0,0.0
0,0.0669459164243091
0,0.16556579154664622
0,0.20406906252528875
0,0.0
0,0.0
0,0.0
0,0.029966086322763895
0,0.1442233739303952
0,0.4490131222337944
0,0.0
0,0.0
0,0.3449016056636241
0,0.08897308155909152
0,0.38029545335639214
0,0.08661840090295089
0,0.0
0,0.0
0,0.0
0,0.19861555042754195
0,0.3565790469261024
0,0.5548086424159143
0,0.25293159969697204
0,0.34885157326049576
0,0.0
0,0.0
0,0.25502379972526595
0,0.1253042256718202
0,0.03223331230226776
0,0.11621144418989696
0,0.09695564473746177
0,0.3851450579560684
0,0.38849567544508673
0,0.16326610570210412
0,0.25374086176887845
0,0.15421876572743273
0,0.0
0,0.226969402473942
0,0.0
0,0.3161674656887649
0,0.0
0,0.08574098603841988
0,0.0
0,0.166016694922328
0,0.0
0,0.0
0,0.12620988930554364
0,0.0
0,0.2643440162440107
0,0.00039770662032216885
0,0.11862629561641144
0,0.0
0,0.0
0,0.0
0,0.2570107440727667
0,0.5032131263416467
0,0.0
0,0.3230544433973041
0,0.0
0,0.0
0,0.0
0,0.0
0,0.0
0,0.12389967364133926
0,0.0
0,0.11382161928153291
0,0.2071418058364539
0,0.07968509795176003
0,0.19732895284511212
0,0.0
0,0.0
0,0.31734425424623885
0,0.0
0,0.0
0,0.0
0,0.0
0,0.0
0,0.10321617646903994
0,0.10450252177383806
0,0.0
0,0.0
0,0.3222999014310731
0,0.14892003532018233
0,0.6225195118045624
0,0.35403845212245827
0,0.3432879205679817
0,0.0
0,0.22915810549002677
0,0.0
0,0.0
0,0.05040460215975855
0,0.28356346038344504
0,0.15024947730126348
0,0.0
0,0.22273767407778608
0,0.0
0,0.06500493568928586
0,0.0
0,0.0
0,0.22987289251215284
0,0.0
0,0.5835585222830799
0,0.0
0,0.0
0,0.11106356698252229
0,0.17529424993059295
0,0.0
0,0.0
0,0.12316502559828496
0,0.0
0,0.41795437738047175
0,0.25180473426948063
0,0.26184730530169037
0,0.0
0,0.0
0,0.0
0,0.0
0,0.10804925518373008
0,0.0
0,0.1966211489550711
0,0.0
0,0.5157121838525462
0,0.0
0,0.06579070116013082
0,0.23755779311642025
0,0.0
0,0.25574059302988517
0,0.0
0,0.4356353097547681
0,0.0042447794897274875
0,0.0
0,0.0
0,0.24267578081781582
0,0.0
0,0.0
0,0.0
0,0.0
0,0.5461631723825446
0,0.0
0,0.24948503585412107
0,0.06284102509433177
0,0.0
0,0.0
0,0.2352008337932244
0,0.0
0,0.3579338837553084
0,0.30645461783455913
0,0.27567445639749877
0,0.0
0,0.0
0,0.0
0,0.058872282200016134
0,0.16373601405970664
0,0.0
0,0.0
0,0.04742676759695533
0,0.0
0,0.38738215170476364
0,0.12653402227526125
0,0.3930575724242691
0,0.0
0,0.2812432477520775
0,0.4905199183582558
0,0.3935080347817983
0,0.0
0,0.0
0,0.0
0,0.14677636052289827
0,0.2059060665043599
0,0.0
0,0.020351554175081304
0,0.0
0,0.432583501740567
0,0.0
0,0.01675918195334909
0,0.0
0,0.3438082725040245
0,0.0
0,0.0
0,0.0
0,0.0
0,0.5178679636906898
0,0.0
0,0.23153885317069833
0,0.10687583661182506
0,0.37845577576065476
0,0.0
0,0.0
0,0.32882097224321954
0,0.12759639249903312
0,0.0
0,0.0
0,0.11591479615441828
0,0.25132926646397674
0,0.0
0,0.0
0,0.15696695572110994
0,0.0
0,0.0
0,0.0
0,0.24419425805932235
0,0.03858523512148996
0,0.0
0,0.4167073088888285
0,0.19119740490692175
0,0.48489001281657496
0,0.0
0,0.0
0,0.0
0,0.0
0,0.0
0,0.18798409117892126
0,0.013669164342569493
0,0.18702214148397467
0,0.21103203994166825
0,0.6464786032149425
0,0.0
0,0.0
0,0.07382508459492264
0,0.0
0,0.44458823053096075
0,0.0
0,0.0
0,0.0
0,0.21552522704149227
0,0.0
0,0.0
0,0.4996055752870593
0,0.0
0,0.010669822209898058
0,0.19569184548306912
0,0.0
0,0.14407815042177746
0,0.0
0,0.24683483425020072
0,0.0
0,0.20783070955465816
0,0.3317499198884138
0,0.2584309576898415
0,0.07539499447143072
0,0.0
0,0.0
0,0.44131040724513115
0,0.0
0,0.0
0,0.199610680509849
0,0.0
0,0.0
0,0.0
0,0.0
0,0.0
0,0.07292751829820963
0,0.285391873289845
0,0.1580693770997381
0,0.0
0,0.0
0,0.15304724067455502
0,0.38177104887857083
0,0.03789425984496005
0,0.0
0,0.0
0,0.0
0,0.19988090161305694
0,0.17339355709186713
0,0.17320905753199847
0,0.0
0,0.4220804237675252
0,0.0
0,0.28658077116216163
0,0.0
0,0.0
0,0.1777590921953284
0,0.1228908356051981
0,0.10709182778007784
0,0.024383526616859625
0,0.0
0,0.7165115978611315
0,0.35527699355885184
0,0.21684806849565363
0,0.03353974746101648
0,0.30214716017900073
0,0.15539843291743555
0,0.007861425832210698
0,0.0
0,0.0
0,0.0
0,0.06318025178929253
0,0.0
0,0.4778009994848652
0,0.005803221243526287
0,0.0
0,0.0
0,0.0
0,0.14202222471373993
0,0.0872842093018456
0,0.2873518893324803
0,0.0
0,0.01020242886844404
0,0.0
0,0.21044843457741433
0,0.1556613541320366
0,0.14874150630827124
0,0.000485709407082336
0,0.12443186723663727
0,0.48130173249257885
0,0.0
0,0.04159355511302535
0,0.0
0,0.0
0,0.029343987927992213
0,0.33118006401057215
0,0.0
0,0.0
0,0.0
0,0.0
0,0.08849143671264646
0,0.0
0,0.38428187300001826
0,0.0
0,0.21657104563144242
0,0.0
0,0.20065203916386545
0,0.20158338234434925
0,0.11526062160176895
0,0.0
0,0.0748644568794231
0,0.0
0,0.0
0,0.30882393028659777
0,0.23901057812122262
0,0.004554882762129936
0,0.0
0,0.19367631365225801
0,0.005814371309407563
0,0.0
0,0.2347889478949554
0,0.0
0,0.36073537439492165
0,0.0
0,0.0
0,0.08372515750355555
0,0.08746910300459182
0,0.0
0,0.0
0,0.8265653231159705
0,0.0
0,0.21928769291286482
0,0.0
0,0.0
0,0.0
0,0.0
0,0.0
0,0.0
0,0.07928048149369096
0,0.0
0,0.0
0,0.14585543746858165
0,0.0
0,0.0
0,0.22175414841047036
0,0.15210608164060704
0,0.0
0,0.0
0,0.0
0,0.0
0,0.0
0,0.0
0,0.19569910145300395
0,0.4281916092867649
0,0.0
0,0.22694650629482951
0,0.0
0,0.19783537233408346
0,0.0
0,0.09220368501239101
0,0.0
0,0.3961242029351502
0,0.0
0,0.1882818892685493
0,0.0
0,0.0
0,0.0
0,0.0
0,0.0
0,0.0
0,0.07237207452201878
0,0.025351543707858772
0,0.23939836488367086
0,0.2770525848142106
0,0.0
0,0.2606317501772313
0,0.0
0,0.1763567664413205
0,0.1859216354108606
0,0.0
0,0.027893773958822896
0,0.0
0,0.0
0,0.4052556992097016
0,0.0
0,0.0
0,0.022708482001528033
0,0.2056769238895249
0,0.0
0,0.34991116370077563
0,0.15929269858922715
0,0.0
0,0.0
0,0.0
0,0.1438082860288267
0,0.0
0,0.7647029126153166
0,0.159307828468263
0,0.044663041175307325
0,0.3544703149257439
0,0.7030962158437875
0,0.26122399337652097
0,0.284643928941486
0,0.039207007339314696
0,0.0
0,0.0
0,0.0
0,0.0
0,0.0
0,0.0
0,0.0
0,0.057274957243113205
0,0.0
0,0.04408058951600633
0,0.0
0,0.923058111054151
0,0.4080347700540939
0,0.0
0,0.06986042622806947
0,0.0
0,0.0
0,0.0
0,0.12966500722777619
0,0.0
0,0.2903478072075612
0,0.2981346643591317
0,0.4121743155634348
0,0.0
0,0.14260968320760306
0,0.18973626499269025
0,0.0
0,0.0
0,0.4828561997327918
0,0.06824876271961612
0,0.19079032521352138
0,0.0
0,0.0
0,0.0
0,0.0
0,0.0
0,0.0
0,0.0
0,0.0
0,0.2012733744830625
0,0.18113715608336825
0,0.0
0,0.0
0,0.0
0,0.0
0,0.1933555474935874
0,0.27847370740329735
0,0.0
0,0.0
0,0.08035309135989999
0,0.0
0,0.0
0,0.39758282713111126
0,0.2481346285697304
0,0.04739229367543551
0,0.0
0,0.06341897024119766
0,0.31879718723625794
0,0.0
0,0.4053342269960145
0,0.3878235868554621
1,1.0
0,0.09157293795940588
0,0.17621750994180366
0,0.424256186499327
0,0.13421818112069267
0,0.0
0,0.0
0,0.07156648613212174
0,0.0
0,0.0
0,0.3289641354690761
0,0.0
0,0.46034463053835445
0,0.33671226561094786
0,0.0
0,0.16301724836154288
0,0.0009443180718979899
0,0.3689971105316049
0,0.29480494283098235
0,0.0
0,0.17617872403925303
0,0.0
0,0.02484977115542997
0,0.0
0,0.5244411207362506
0,0.3120185459707728
0,0.0
0,0.0
0,0.0
0,0.1303507938273917
0,0.0720617531838669
0,0.375939847430473
0,0.23697591665425566
0,0.29087070772587204
0,0.0980566201831312
0,0.0
0,0.0
0,0.31802692197259963
0,0.0
0,0.15092711058712402
0,0.0
0,0.0
0,0.0
0,0.09271423290979618
0,0.0
0,0.0
0,0.0
0,0.3357734752692288
0,0.0
0,0.43582666353785493
0,0.4586243551622725
0,0.0
0,0.0
0,0.0
0,0.0
0,0.0
0,0.4135408882384514
0,0.03474737616808383
0,0.11688135722759634
0,0.0
0,0.0
0,0.2661239329338861
0,0.08603223371477586
0,0.0
0,0.16945270758003675
0,0.49073934184074447
0,0.0
0,0.020810940797420827
0,0.05777907561939154
0,0.7176328905821977
0,0.0
0,0.2049669044366424
0,0.0
0,0.17003151785525386
0,0.0
0,0.0
0,0.21342317383964854
0,0.9338730603131522
0,0.2424108568206214
0,0.0
